#
# There is insufficient memory for the Java Runtime Environment to continue.
# Native memory allocation (malloc) failed to allocate 576976 bytes. Error detail: Chunk::new
# Possible reasons:
#   The system is out of physical RAM or swap space
#   This process is running with CompressedOops enabled, and the Java Heap may be blocking the growth of the native heap
# Possible solutions:
#   Reduce memory load on the system
#   Increase physical memory or swap space
#   Check if swap backing store is full
#   Decrease Java heap size (-Xmx/-Xms)
#   Decrease number of Java threads
#   Decrease Java thread stack sizes (-Xss)
#   Set larger code cache with -XX:ReservedCodeCacheSize=
#   JVM is running with Unscaled Compressed Oops mode in which the Java heap is
#     placed in the first 4GB address space. The Java Heap base address is the
#     maximum limit for the native heap growth. Please use -XX:HeapBaseMinAddress
#     to set the Java Heap base and to place the Java Heap above 4GB virtual address.
# This output file may be truncated or incomplete.
#
#  Out of Memory Error (arena.cpp:168), pid=24304, tid=41556
#
# JRE version: OpenJDK Runtime Environment (21.0.8) (build 21.0.8+-14196175-b1038.72)
# Java VM: OpenJDK 64-Bit Server VM (21.0.8+-14196175-b1038.72, mixed mode, tiered, compressed oops, compressed class ptrs, g1 gc, windows-amd64)
# No core dump will be written. Minidumps are not enabled by default on client versions of Windows
#

---------------  S U M M A R Y ------------

Command Line: --add-opens=java.base/java.lang=ALL-UNNAMED --add-opens=java.base/java.lang.invoke=ALL-UNNAMED --add-opens=java.base/java.util=ALL-UNNAMED --add-opens=java.prefs/java.util.prefs=ALL-UNNAMED --add-exports=jdk.compiler/com.sun.tools.javac.api=ALL-UNNAMED --add-exports=jdk.compiler/com.sun.tools.javac.util=ALL-UNNAMED --add-opens=java.base/java.util=ALL-UNNAMED --add-opens=java.prefs/java.util.prefs=ALL-UNNAMED --add-opens=java.base/java.nio.charset=ALL-UNNAMED --add-opens=java.base/java.net=ALL-UNNAMED --add-opens=java.base/java.util.concurrent.atomic=ALL-UNNAMED --add-opens=java.xml/javax.xml.namespace=ALL-UNNAMED -Xmx2048m -Dfile.encoding=UTF-8 -Duser.country=FR -Duser.language=fr -Duser.variant -javaagent:C:\Users\pagwa\.gradle\wrapper\dists\gradle-8.13-bin\5xuhj0ry160q40clulazy9h7d\gradle-8.13\lib\agents\gradle-instrumentation-agent-8.13.jar org.gradle.launcher.daemon.bootstrap.GradleDaemon 8.13

Host: AMD Ryzen 5 5500U with Radeon Graphics         , 12 cores, 7G,  Windows 11 , 64 bit Build 26100 (10.0.26100.8246)
Time: Sat May  2 22:57:24 2026 elapsed time: 62.230039 seconds (0d 0h 1m 2s)

---------------  T H R E A D  ---------------

Current thread (0x00000284ff557c40):  JavaThread "C2 CompilerThread0" daemon [_thread_in_native, id=41556, stack(0x000000d608200000,0x000000d608300000) (1024K)]


Current CompileTask:
C2:62230 12038       4       java.lang.PublicMethods::merge (81 bytes)

Stack: [0x000000d608200000,0x000000d608300000]
Native frames: (J=compiled Java code, j=interpreted, Vv=VM code, C=native code)
V  [jvm.dll+0x6d68d9]
V  [jvm.dll+0x866693]
V  [jvm.dll+0x868c4e]
V  [jvm.dll+0x869333]
V  [jvm.dll+0x280566]
V  [jvm.dll+0xc07cd]
V  [jvm.dll+0xc0d03]
V  [jvm.dll+0x3b95e1]
V  [jvm.dll+0x385507]
V  [jvm.dll+0x38497a]
V  [jvm.dll+0x249252]
V  [jvm.dll+0x248821]
V  [jvm.dll+0x1c73a4]
V  [jvm.dll+0x257f9e]
V  [jvm.dll+0x2564e6]
V  [jvm.dll+0x3f4696]
V  [jvm.dll+0x80eac8]
V  [jvm.dll+0x6d512d]
C  [ucrtbase.dll+0x37b0]
C  [KERNEL32.DLL+0x2e8d7]
C  [ntdll.dll+0x8c3fc]


---------------  P R O C E S S  ---------------

Threads class SMR info:
_java_thread_list=0x0000028498740f20, length=82, elements={
0x00000284f681b1c0, 0x00000284ff51de00, 0x00000284ff52b780, 0x00000284ff51ec80,
0x00000284ff521300, 0x00000284ff54d5d0, 0x00000284ff54e030, 0x00000284ff54eea0,
0x00000284ff557c40, 0x00000284ff5371e0, 0x00000284ff836060, 0x000002849319e5e0,
0x000002849491cb00, 0x00000284948d4f00, 0x0000028494a8fea0, 0x00000284ff5aa130,
0x0000028493cb4410, 0x0000028493125e90, 0x0000028493d7fd60, 0x0000028493d803f0,
0x0000028493d80a80, 0x0000028493d7f6d0, 0x0000028493d7dc90, 0x0000028493d7d600,
0x0000028493d7f040, 0x00000284961d18b0, 0x00000284961d1220, 0x00000284961d25d0,
0x00000284961d4010, 0x00000284961d1f40, 0x00000284961d32f0, 0x00000284961d5a50,
0x00000284961d6770, 0x00000284961d81b0, 0x00000284961d8840, 0x00000284961d7490,
0x00000284961d6e00, 0x00000284961d7b20, 0x000002849724fd80, 0x000002849724f6f0,
0x0000028497250410, 0x0000028497250aa0, 0x0000028497251130, 0x0000028497251e50,
0x00000284972517c0, 0x000002849724f060, 0x000002849724e9d0, 0x0000028497253890,
0x00000284972552d0, 0x00000284972524e0, 0x0000028497253f20, 0x0000028497254c40,
0x0000028497255ff0, 0x0000028497255960, 0x0000028497252b70, 0x00000284972545b0,
0x0000028497253200, 0x0000028497dc2ba0, 0x0000028497dc17f0, 0x0000028497dc1160,
0x0000028497dc38c0, 0x0000028497dc3f50, 0x0000028497dc3230, 0x0000028497dc1e80,
0x0000028497dc0ad0, 0x0000028497dc4c70, 0x0000028497dc66b0, 0x00000284977dbd00,
0x00000284977dc390, 0x00000284977dca20, 0x00000284977dd0b0, 0x00000284977d9c30,
0x00000284977dd740, 0x00000284977dddd0, 0x00000284977de460, 0x00000284977deaf0,
0x00000284977df180, 0x000002849e8990d0, 0x000002849e897d20, 0x000002849e8983b0,
0x000002849e898a40, 0x000002849e899760
}

Java Threads: ( => current thread )
  0x00000284f681b1c0 JavaThread "main"                              [_thread_blocked, id=20168, stack(0x000000d607300000,0x000000d607400000) (1024K)]
  0x00000284ff51de00 JavaThread "Common-Cleaner"             daemon [_thread_blocked, id=15448, stack(0x000000d607b00000,0x000000d607c00000) (1024K)]
  0x00000284ff52b780 JavaThread "Reference Handler"          daemon [_thread_blocked, id=22348, stack(0x000000d607c00000,0x000000d607d00000) (1024K)]
  0x00000284ff51ec80 JavaThread "Finalizer"                  daemon [_thread_blocked, id=18096, stack(0x000000d607d00000,0x000000d607e00000) (1024K)]
  0x00000284ff521300 JavaThread "Signal Dispatcher"          daemon [_thread_blocked, id=5252, stack(0x000000d607e00000,0x000000d607f00000) (1024K)]
  0x00000284ff54d5d0 JavaThread "Attach Listener"            daemon [_thread_blocked, id=22176, stack(0x000000d607f00000,0x000000d608000000) (1024K)]
  0x00000284ff54e030 JavaThread "Service Thread"             daemon [_thread_blocked, id=31632, stack(0x000000d608000000,0x000000d608100000) (1024K)]
  0x00000284ff54eea0 JavaThread "Monitor Deflation Thread"   daemon [_thread_blocked, id=25116, stack(0x000000d608100000,0x000000d608200000) (1024K)]
=>0x00000284ff557c40 JavaThread "C2 CompilerThread0"         daemon [_thread_in_native, id=41556, stack(0x000000d608200000,0x000000d608300000) (1024K)]
  0x00000284ff5371e0 JavaThread "C1 CompilerThread0"         daemon [_thread_blocked, id=40868, stack(0x000000d608300000,0x000000d608400000) (1024K)]
  0x00000284ff836060 JavaThread "Notification Thread"        daemon [_thread_blocked, id=27384, stack(0x000000d608400000,0x000000d608500000) (1024K)]
  0x000002849319e5e0 JavaThread "Daemon health stats"               [_thread_blocked, id=9928, stack(0x000000d608900000,0x000000d608a00000) (1024K)]
  0x000002849491cb00 JavaThread "Incoming local TCP Connector on port 51397"        [_thread_in_native, id=38620, stack(0x000000d608a00000,0x000000d608b00000) (1024K)]
  0x00000284948d4f00 JavaThread "Daemon periodic checks"            [_thread_blocked, id=18472, stack(0x000000d608b00000,0x000000d608c00000) (1024K)]
  0x0000028494a8fea0 JavaThread "Daemon"                            [_thread_blocked, id=13148, stack(0x000000d608c00000,0x000000d608d00000) (1024K)]
  0x00000284ff5aa130 JavaThread "Handler for socket connection from /127.0.0.1:51397 to /127.0.0.1:51399"        [_thread_in_native, id=40308, stack(0x000000d608d00000,0x000000d608e00000) (1024K)]
  0x0000028493cb4410 JavaThread "Cancel handler"                    [_thread_blocked, id=4448, stack(0x000000d608e00000,0x000000d608f00000) (1024K)]
  0x0000028493125e90 JavaThread "Daemon worker"                     [_thread_blocked, id=42656, stack(0x000000d608f00000,0x000000d609000000) (1024K)]
  0x0000028493d7fd60 JavaThread "Asynchronous log dispatcher for DefaultDaemonConnection: socket connection from /127.0.0.1:51397 to /127.0.0.1:51399"        [_thread_blocked, id=39896, stack(0x000000d609000000,0x000000d609100000) (1024K)]
  0x0000028493d803f0 JavaThread "Stdin handler"                     [_thread_blocked, id=24020, stack(0x000000d609100000,0x000000d609200000) (1024K)]
  0x0000028493d80a80 JavaThread "Daemon client event forwarder"        [_thread_blocked, id=37820, stack(0x000000d609200000,0x000000d609300000) (1024K)]
  0x0000028493d7f6d0 JavaThread "Cache worker for journal cache (C:\Users\pagwa\.gradle\caches\journal-1)"        [_thread_blocked, id=32088, stack(0x000000d609a00000,0x000000d609b00000) (1024K)]
  0x0000028493d7dc90 JavaThread "File lock request listener"        [_thread_in_native, id=9508, stack(0x000000d609b00000,0x000000d609c00000) (1024K)]
  0x0000028493d7d600 JavaThread "Cache worker for file hash cache (C:\Users\pagwa\.gradle\caches\8.13\fileHashes)"        [_thread_blocked, id=39952, stack(0x000000d609c00000,0x000000d609d00000) (1024K)]
  0x0000028493d7f040 JavaThread "Cache worker for file hash cache (C:\Users\pagwa\ecoact\.gradle\8.13\fileHashes)"        [_thread_blocked, id=34984, stack(0x000000d609d00000,0x000000d609e00000) (1024K)]
  0x00000284961d18b0 JavaThread "Cache worker for Build Output Cleanup Cache (C:\Users\pagwa\ecoact\.gradle\buildOutputCleanup)"        [_thread_blocked, id=28136, stack(0x000000d609e00000,0x000000d609f00000) (1024K)]
  0x00000284961d1220 JavaThread "File watcher server"        daemon [_thread_in_native, id=20280, stack(0x000000d609f00000,0x000000d60a000000) (1024K)]
  0x00000284961d25d0 JavaThread "File watcher consumer"      daemon [_thread_blocked, id=8256, stack(0x000000d60a000000,0x000000d60a100000) (1024K)]
  0x00000284961d4010 JavaThread "Cache worker for checksums cache (C:\Users\pagwa\ecoact\.gradle\8.13\checksums)"        [_thread_blocked, id=12132, stack(0x000000d60a100000,0x000000d60a200000) (1024K)]
  0x00000284961d1f40 JavaThread "Cache worker for file content cache (C:\Users\pagwa\.gradle\caches\8.13\fileContent)"        [_thread_blocked, id=41744, stack(0x000000d60a200000,0x000000d60a300000) (1024K)]
  0x00000284961d32f0 JavaThread "Cache worker for cache directory md-supplier (C:\Users\pagwa\.gradle\caches\8.13\md-supplier)"        [_thread_blocked, id=40412, stack(0x000000d60a300000,0x000000d60a400000) (1024K)]
  0x00000284961d5a50 JavaThread "Cache worker for cache directory md-rule (C:\Users\pagwa\.gradle\caches\8.13\md-rule)"        [_thread_blocked, id=22416, stack(0x000000d60a400000,0x000000d60a500000) (1024K)]
  0x00000284961d6770 JavaThread "Unconstrained build operations"        [_thread_blocked, id=33920, stack(0x000000d60a600000,0x000000d60a700000) (1024K)]
  0x00000284961d81b0 JavaThread "Unconstrained build operations Thread 2"        [_thread_blocked, id=37936, stack(0x000000d60a700000,0x000000d60a800000) (1024K)]
  0x00000284961d8840 JavaThread "Unconstrained build operations Thread 3"        [_thread_blocked, id=24716, stack(0x000000d60a800000,0x000000d60a900000) (1024K)]
  0x00000284961d7490 JavaThread "Unconstrained build operations Thread 4"        [_thread_blocked, id=13576, stack(0x000000d60a900000,0x000000d60aa00000) (1024K)]
  0x00000284961d6e00 JavaThread "Unconstrained build operations Thread 5"        [_thread_blocked, id=10012, stack(0x000000d60aa00000,0x000000d60ab00000) (1024K)]
  0x00000284961d7b20 JavaThread "Unconstrained build operations Thread 6"        [_thread_blocked, id=30404, stack(0x000000d60ab00000,0x000000d60ac00000) (1024K)]
  0x000002849724fd80 JavaThread "Unconstrained build operations Thread 7"        [_thread_blocked, id=13700, stack(0x000000d60ac00000,0x000000d60ad00000) (1024K)]
  0x000002849724f6f0 JavaThread "Unconstrained build operations Thread 8"        [_thread_blocked, id=41776, stack(0x000000d60ad00000,0x000000d60ae00000) (1024K)]
  0x0000028497250410 JavaThread "Unconstrained build operations Thread 9"        [_thread_blocked, id=5004, stack(0x000000d60ae00000,0x000000d60af00000) (1024K)]
  0x0000028497250aa0 JavaThread "Unconstrained build operations Thread 10"        [_thread_blocked, id=5784, stack(0x000000d60af00000,0x000000d60b000000) (1024K)]
  0x0000028497251130 JavaThread "Unconstrained build operations Thread 11"        [_thread_blocked, id=41112, stack(0x000000d60b000000,0x000000d60b100000) (1024K)]
  0x0000028497251e50 JavaThread "Unconstrained build operations Thread 12"        [_thread_blocked, id=42448, stack(0x000000d60b100000,0x000000d60b200000) (1024K)]
  0x00000284972517c0 JavaThread "Unconstrained build operations Thread 13"        [_thread_blocked, id=38580, stack(0x000000d60b200000,0x000000d60b300000) (1024K)]
  0x000002849724f060 JavaThread "Unconstrained build operations Thread 14"        [_thread_blocked, id=42592, stack(0x000000d60b300000,0x000000d60b400000) (1024K)]
  0x000002849724e9d0 JavaThread "Unconstrained build operations Thread 15"        [_thread_blocked, id=26448, stack(0x000000d60b400000,0x000000d60b500000) (1024K)]
  0x0000028497253890 JavaThread "Unconstrained build operations Thread 16"        [_thread_blocked, id=2848, stack(0x000000d60b500000,0x000000d60b600000) (1024K)]
  0x00000284972552d0 JavaThread "Unconstrained build operations Thread 17"        [_thread_blocked, id=9160, stack(0x000000d60b600000,0x000000d60b700000) (1024K)]
  0x00000284972524e0 JavaThread "Unconstrained build operations Thread 18"        [_thread_blocked, id=29880, stack(0x000000d60b700000,0x000000d60b800000) (1024K)]
  0x0000028497253f20 JavaThread "Unconstrained build operations Thread 19"        [_thread_blocked, id=28184, stack(0x000000d60b800000,0x000000d60b900000) (1024K)]
  0x0000028497254c40 JavaThread "Unconstrained build operations Thread 20"        [_thread_blocked, id=42020, stack(0x000000d60b900000,0x000000d60ba00000) (1024K)]
  0x0000028497255ff0 JavaThread "Unconstrained build operations Thread 21"        [_thread_blocked, id=12004, stack(0x000000d60ba00000,0x000000d60bb00000) (1024K)]
  0x0000028497255960 JavaThread "Unconstrained build operations Thread 22"        [_thread_blocked, id=19712, stack(0x000000d60bb00000,0x000000d60bc00000) (1024K)]
  0x0000028497252b70 JavaThread "Unconstrained build operations Thread 23"        [_thread_blocked, id=17508, stack(0x000000d60bc00000,0x000000d60bd00000) (1024K)]
  0x00000284972545b0 JavaThread "Unconstrained build operations Thread 24"        [_thread_blocked, id=17512, stack(0x000000d60bd00000,0x000000d60be00000) (1024K)]
  0x0000028497253200 JavaThread "Unconstrained build operations Thread 25"        [_thread_blocked, id=11040, stack(0x000000d60be00000,0x000000d60bf00000) (1024K)]
  0x0000028497dc2ba0 JavaThread "Unconstrained build operations Thread 26"        [_thread_blocked, id=17788, stack(0x000000d60bf00000,0x000000d60c000000) (1024K)]
  0x0000028497dc17f0 JavaThread "Unconstrained build operations Thread 27"        [_thread_blocked, id=42848, stack(0x000000d60c000000,0x000000d60c100000) (1024K)]
  0x0000028497dc1160 JavaThread "Unconstrained build operations Thread 28"        [_thread_blocked, id=35212, stack(0x000000d60c100000,0x000000d60c200000) (1024K)]
  0x0000028497dc38c0 JavaThread "Unconstrained build operations Thread 29"        [_thread_blocked, id=41008, stack(0x000000d60c200000,0x000000d60c300000) (1024K)]
  0x0000028497dc3f50 JavaThread "Unconstrained build operations Thread 30"        [_thread_blocked, id=32348, stack(0x000000d60c300000,0x000000d60c400000) (1024K)]
  0x0000028497dc3230 JavaThread "Unconstrained build operations Thread 31"        [_thread_blocked, id=36620, stack(0x000000d60c400000,0x000000d60c500000) (1024K)]
  0x0000028497dc1e80 JavaThread "Unconstrained build operations Thread 32"        [_thread_blocked, id=13748, stack(0x000000d60c500000,0x000000d60c600000) (1024K)]
  0x0000028497dc0ad0 JavaThread "Unconstrained build operations Thread 33"        [_thread_blocked, id=41412, stack(0x000000d60c600000,0x000000d60c700000) (1024K)]
  0x0000028497dc4c70 JavaThread "Memory manager"                    [_thread_blocked, id=19152, stack(0x000000d60c700000,0x000000d60c800000) (1024K)]
  0x0000028497dc66b0 JavaThread "build event listener"              [_thread_blocked, id=29912, stack(0x000000d60c800000,0x000000d60c900000) (1024K)]
  0x00000284977dbd00 JavaThread "pool-3-thread-1"                   [_thread_blocked, id=41604, stack(0x000000d60ca00000,0x000000d60cb00000) (1024K)]
  0x00000284977dc390 JavaThread "build event listener"              [_thread_blocked, id=41636, stack(0x000000d60cb00000,0x000000d60cc00000) (1024K)]
  0x00000284977dca20 JavaThread "included builds"                   [_thread_blocked, id=3244, stack(0x000000d60cc00000,0x000000d60cd00000) (1024K)]
  0x00000284977dd0b0 JavaThread "Execution worker"                  [_thread_blocked, id=26012, stack(0x000000d60cd00000,0x000000d60ce00000) (1024K)]
  0x00000284977d9c30 JavaThread "Execution worker Thread 2"         [_thread_blocked, id=28664, stack(0x000000d60ce00000,0x000000d60cf00000) (1024K)]
  0x00000284977dd740 JavaThread "Execution worker Thread 3"         [_thread_blocked, id=10408, stack(0x000000d60cf00000,0x000000d60d000000) (1024K)]
  0x00000284977dddd0 JavaThread "Execution worker Thread 4"         [_thread_blocked, id=13604, stack(0x000000d60d000000,0x000000d60d100000) (1024K)]
  0x00000284977de460 JavaThread "Execution worker Thread 5"         [_thread_blocked, id=23204, stack(0x000000d60d100000,0x000000d60d200000) (1024K)]
  0x00000284977deaf0 JavaThread "Execution worker Thread 6"         [_thread_blocked, id=42604, stack(0x000000d60d200000,0x000000d60d300000) (1024K)]
  0x00000284977df180 JavaThread "Execution worker Thread 7"         [_thread_blocked, id=32792, stack(0x000000d60d300000,0x000000d60d400000) (1024K)]
  0x000002849e8990d0 JavaThread "Execution worker Thread 8"         [_thread_blocked, id=36316, stack(0x000000d60d400000,0x000000d60d500000) (1024K)]
  0x000002849e897d20 JavaThread "Execution worker Thread 9"         [_thread_blocked, id=24872, stack(0x000000d60d500000,0x000000d60d600000) (1024K)]
  0x000002849e8983b0 JavaThread "Execution worker Thread 10"        [_thread_in_vm, id=40204, stack(0x000000d60d600000,0x000000d60d700000) (1024K)]
  0x000002849e898a40 JavaThread "Execution worker Thread 11"        [_thread_blocked, id=37984, stack(0x000000d60d700000,0x000000d60d800000) (1024K)]
  0x000002849e899760 JavaThread "Cache worker for execution history cache (C:\Users\pagwa\ecoact\.gradle\8.13\executionHistory)"        [_thread_blocked, id=22796, stack(0x000000d60d800000,0x000000d60d900000) (1024K)]
Total: 82

Other Threads:
  0x00000284ff4c75b0 VMThread "VM Thread"                           [id=37728, stack(0x000000d607a00000,0x000000d607b00000) (1024K)]
  0x00000284ff30c5c0 WatcherThread "VM Periodic Task Thread"        [id=12668, stack(0x000000d607900000,0x000000d607a00000) (1024K)]
  0x00000284f68744d0 WorkerThread "GC Thread#0"                     [id=39716, stack(0x000000d607400000,0x000000d607500000) (1024K)]
  0x00000284932144e0 WorkerThread "GC Thread#1"                     [id=22692, stack(0x000000d608500000,0x000000d608600000) (1024K)]
  0x000002849347ebe0 WorkerThread "GC Thread#2"                     [id=27964, stack(0x000000d608600000,0x000000d608700000) (1024K)]
  0x0000028493ac9ef0 WorkerThread "GC Thread#3"                     [id=360, stack(0x000000d608700000,0x000000d608800000) (1024K)]
  0x0000028493aca290 WorkerThread "GC Thread#4"                     [id=19556, stack(0x000000d608800000,0x000000d608900000) (1024K)]
  0x0000028494507150 WorkerThread "GC Thread#5"                     [id=31628, stack(0x000000d609300000,0x000000d609400000) (1024K)]
  0x0000028494507a80 WorkerThread "GC Thread#6"                     [id=6636, stack(0x000000d609400000,0x000000d609500000) (1024K)]
  0x0000028494610c70 WorkerThread "GC Thread#7"                     [id=38388, stack(0x000000d609500000,0x000000d609600000) (1024K)]
  0x000002849460f8a0 WorkerThread "GC Thread#8"                     [id=13288, stack(0x000000d609600000,0x000000d609700000) (1024K)]
  0x0000028494610380 WorkerThread "GC Thread#9"                     [id=27564, stack(0x000000d609700000,0x000000d609800000) (1024K)]
  0x00000284f6886200 ConcurrentGCThread "G1 Main Marker"            [id=26468, stack(0x000000d607500000,0x000000d607600000) (1024K)]
  0x00000284f6886c10 WorkerThread "G1 Conc#0"                       [id=15660, stack(0x000000d607600000,0x000000d607700000) (1024K)]
  0x000002849460fc40 WorkerThread "G1 Conc#1"                       [id=14892, stack(0x000000d609800000,0x000000d609900000) (1024K)]
  0x000002849460ffe0 WorkerThread "G1 Conc#2"                       [id=31168, stack(0x000000d609900000,0x000000d609a00000) (1024K)]
  0x00000284f68de3f0 ConcurrentGCThread "G1 Refine#0"               [id=40876, stack(0x000000d607700000,0x000000d607800000) (1024K)]
  0x00000284ff1be160 ConcurrentGCThread "G1 Service"                [id=28572, stack(0x000000d607800000,0x000000d607900000) (1024K)]
Total: 18

Threads with active compile tasks:
C2 CompilerThread0  62311 12038       4       java.lang.PublicMethods::merge (81 bytes)
Total: 1

VM state: not at safepoint (normal execution)

VM Mutex/Monitor currently owned by a thread: None

Heap address: 0x0000000080000000, size: 2048 MB, Compressed Oops mode: 32-bit

CDS archive(s) not mapped
Compressed class space mapped at: 0x0000000100000000-0x0000000140000000, reserved size: 1073741824
Narrow klass base: 0x0000000000000000, Narrow klass shift: 3, Narrow klass range: 0x140000000

GC Precious Log:
 CardTable entry size: 512
 Card Set container configuration: InlinePtr #cards 5 size 8 Array Of Cards #cards 12 size 40 Howl #buckets 4 coarsen threshold 1843 Howl Bitmap #cards 512 size 80 coarsen threshold 460 Card regions per heap region 1 cards per card region 2048
 CPUs: 12 total, 12 available
 Memory: 7514M
 Large Page Support: Disabled
 NUMA Support: Disabled
 Compressed Oops: Enabled (32-bit)
 Heap Region Size: 1M
 Heap Min Capacity: 8M
 Heap Initial Capacity: 118M
 Heap Max Capacity: 2G
 Pre-touch: Disabled
 Parallel Workers: 10
 Concurrent Workers: 3
 Concurrent Refinement Workers: 10
 Periodic GC: Disabled

Heap:
 garbage-first heap   total 171008K, used 116052K [0x0000000080000000, 0x0000000100000000)
  region size 1024K, 19 young (19456K), 7 survivors (7168K)
 Metaspace       used 115215K, committed 117312K, reserved 1179648K
  class space    used 16103K, committed 17152K, reserved 1048576K

Heap Regions: E=young(eden), S=young(survivor), O=old, HS=humongous(starts), HC=humongous(continues), CS=collection set, F=free, TAMS=top-at-mark-start, PB=parsable bottom
|   0|0x0000000080000000, 0x0000000080100000, 0x0000000080100000|100%|HS|  |TAMS 0x0000000080000000| PB 0x0000000080000000| Complete 
|   1|0x0000000080100000, 0x0000000080200000, 0x0000000080200000|100%|HC|  |TAMS 0x0000000080100000| PB 0x0000000080100000| Complete 
|   2|0x0000000080200000, 0x0000000080300000, 0x0000000080300000|100%|HC|  |TAMS 0x0000000080200000| PB 0x0000000080200000| Complete 
|   3|0x0000000080300000, 0x0000000080400000, 0x0000000080400000|100%| O|  |TAMS 0x0000000080300000| PB 0x0000000080300000| Untracked 
|   4|0x0000000080400000, 0x0000000080500000, 0x0000000080500000|100%| O|  |TAMS 0x0000000080400000| PB 0x0000000080400000| Untracked 
|   5|0x0000000080500000, 0x0000000080600000, 0x0000000080600000|100%| O|  |TAMS 0x0000000080500000| PB 0x0000000080500000| Untracked 
|   6|0x0000000080600000, 0x0000000080700000, 0x0000000080700000|100%|HS|  |TAMS 0x0000000080600000| PB 0x0000000080600000| Complete 
|   7|0x0000000080700000, 0x0000000080800000, 0x0000000080800000|100%| O|  |TAMS 0x0000000080700000| PB 0x0000000080700000| Untracked 
|   8|0x0000000080800000, 0x0000000080900000, 0x0000000080900000|100%| O|  |TAMS 0x0000000080800000| PB 0x0000000080800000| Untracked 
|   9|0x0000000080900000, 0x0000000080a00000, 0x0000000080a00000|100%| O|  |TAMS 0x0000000080900000| PB 0x0000000080900000| Untracked 
|  10|0x0000000080a00000, 0x0000000080b00000, 0x0000000080b00000|100%| O|  |TAMS 0x0000000080a00000| PB 0x0000000080a00000| Untracked 
|  11|0x0000000080b00000, 0x0000000080c00000, 0x0000000080c00000|100%| O|  |TAMS 0x0000000080b00000| PB 0x0000000080b00000| Untracked 
|  12|0x0000000080c00000, 0x0000000080d00000, 0x0000000080d00000|100%| O|  |TAMS 0x0000000080c00000| PB 0x0000000080c00000| Untracked 
|  13|0x0000000080d00000, 0x0000000080e00000, 0x0000000080e00000|100%| O|  |TAMS 0x0000000080d00000| PB 0x0000000080d00000| Untracked 
|  14|0x0000000080e00000, 0x0000000080f00000, 0x0000000080f00000|100%| O|  |TAMS 0x0000000080e00000| PB 0x0000000080e00000| Untracked 
|  15|0x0000000080f00000, 0x0000000081000000, 0x0000000081000000|100%| O|  |TAMS 0x0000000080f00000| PB 0x0000000080f00000| Untracked 
|  16|0x0000000081000000, 0x0000000081100000, 0x0000000081100000|100%| O|  |TAMS 0x0000000081000000| PB 0x0000000081000000| Untracked 
|  17|0x0000000081100000, 0x0000000081200000, 0x0000000081200000|100%| O|  |TAMS 0x0000000081100000| PB 0x0000000081100000| Untracked 
|  18|0x0000000081200000, 0x0000000081300000, 0x0000000081300000|100%| O|  |TAMS 0x0000000081200000| PB 0x0000000081200000| Untracked 
|  19|0x0000000081300000, 0x0000000081400000, 0x0000000081400000|100%| O|  |TAMS 0x0000000081300000| PB 0x0000000081300000| Untracked 
|  20|0x0000000081400000, 0x0000000081500000, 0x0000000081500000|100%| O|  |TAMS 0x0000000081400000| PB 0x0000000081400000| Untracked 
|  21|0x0000000081500000, 0x0000000081600000, 0x0000000081600000|100%| O|  |TAMS 0x0000000081500000| PB 0x0000000081500000| Untracked 
|  22|0x0000000081600000, 0x0000000081700000, 0x0000000081700000|100%| O|  |TAMS 0x0000000081600000| PB 0x0000000081600000| Untracked 
|  23|0x0000000081700000, 0x0000000081800000, 0x0000000081800000|100%| O|  |TAMS 0x0000000081700000| PB 0x0000000081700000| Untracked 
|  24|0x0000000081800000, 0x0000000081900000, 0x0000000081900000|100%|HS|  |TAMS 0x0000000081800000| PB 0x0000000081800000| Complete 
|  25|0x0000000081900000, 0x0000000081a00000, 0x0000000081a00000|100%| O|  |TAMS 0x0000000081900000| PB 0x0000000081900000| Untracked 
|  26|0x0000000081a00000, 0x0000000081b00000, 0x0000000081b00000|100%| O|  |TAMS 0x0000000081a00000| PB 0x0000000081a00000| Untracked 
|  27|0x0000000081b00000, 0x0000000081c00000, 0x0000000081c00000|100%| O|  |TAMS 0x0000000081b00000| PB 0x0000000081b00000| Untracked 
|  28|0x0000000081c00000, 0x0000000081d00000, 0x0000000081d00000|100%| O|  |TAMS 0x0000000081c00000| PB 0x0000000081c00000| Untracked 
|  29|0x0000000081d00000, 0x0000000081e00000, 0x0000000081e00000|100%| O|  |TAMS 0x0000000081d00000| PB 0x0000000081d00000| Untracked 
|  30|0x0000000081e00000, 0x0000000081f00000, 0x0000000081f00000|100%| O|  |TAMS 0x0000000081e00000| PB 0x0000000081e00000| Untracked 
|  31|0x0000000081f00000, 0x0000000082000000, 0x0000000082000000|100%| O|  |TAMS 0x0000000081f00000| PB 0x0000000081f00000| Untracked 
|  32|0x0000000082000000, 0x0000000082100000, 0x0000000082100000|100%| O|  |TAMS 0x0000000082000000| PB 0x0000000082000000| Untracked 
|  33|0x0000000082100000, 0x0000000082200000, 0x0000000082200000|100%| O|  |TAMS 0x0000000082100000| PB 0x0000000082100000| Untracked 
|  34|0x0000000082200000, 0x0000000082300000, 0x0000000082300000|100%| O|  |TAMS 0x0000000082200000| PB 0x0000000082200000| Untracked 
|  35|0x0000000082300000, 0x0000000082400000, 0x0000000082400000|100%| O|  |TAMS 0x0000000082300000| PB 0x0000000082300000| Untracked 
|  36|0x0000000082400000, 0x0000000082500000, 0x0000000082500000|100%| O|  |TAMS 0x0000000082400000| PB 0x0000000082400000| Untracked 
|  37|0x0000000082500000, 0x0000000082600000, 0x0000000082600000|100%| O|  |TAMS 0x0000000082500000| PB 0x0000000082500000| Untracked 
|  38|0x0000000082600000, 0x0000000082700000, 0x0000000082700000|100%| O|  |TAMS 0x0000000082600000| PB 0x0000000082600000| Untracked 
|  39|0x0000000082700000, 0x0000000082800000, 0x0000000082800000|100%| O|  |TAMS 0x0000000082700000| PB 0x0000000082700000| Untracked 
|  40|0x0000000082800000, 0x0000000082900000, 0x0000000082900000|100%| O|  |TAMS 0x0000000082800000| PB 0x0000000082800000| Untracked 
|  41|0x0000000082900000, 0x0000000082a00000, 0x0000000082a00000|100%|HS|  |TAMS 0x0000000082900000| PB 0x0000000082900000| Complete 
|  42|0x0000000082a00000, 0x0000000082b00000, 0x0000000082b00000|100%| O|  |TAMS 0x0000000082a00000| PB 0x0000000082a00000| Untracked 
|  43|0x0000000082b00000, 0x0000000082c00000, 0x0000000082c00000|100%| O|  |TAMS 0x0000000082b00000| PB 0x0000000082b00000| Untracked 
|  44|0x0000000082c00000, 0x0000000082d00000, 0x0000000082d00000|100%| O|  |TAMS 0x0000000082c00000| PB 0x0000000082c00000| Untracked 
|  45|0x0000000082d00000, 0x0000000082d00000, 0x0000000082e00000|  0%| F|  |TAMS 0x0000000082d00000| PB 0x0000000082d00000| Untracked 
|  46|0x0000000082e00000, 0x0000000082f00000, 0x0000000082f00000|100%| O|  |TAMS 0x0000000082e00000| PB 0x0000000082e00000| Untracked 
|  47|0x0000000082f00000, 0x0000000083000000, 0x0000000083000000|100%| O|  |TAMS 0x0000000082f00000| PB 0x0000000082f00000| Untracked 
|  48|0x0000000083000000, 0x0000000083100000, 0x0000000083100000|100%| O|  |TAMS 0x0000000083000000| PB 0x0000000083000000| Untracked 
|  49|0x0000000083100000, 0x0000000083200000, 0x0000000083200000|100%|HS|  |TAMS 0x0000000083100000| PB 0x0000000083100000| Complete 
|  50|0x0000000083200000, 0x0000000083300000, 0x0000000083300000|100%|HC|  |TAMS 0x0000000083200000| PB 0x0000000083200000| Complete 
|  51|0x0000000083300000, 0x0000000083400000, 0x0000000083400000|100%|HS|  |TAMS 0x0000000083300000| PB 0x0000000083300000| Complete 
|  52|0x0000000083400000, 0x0000000083500000, 0x0000000083500000|100%|HC|  |TAMS 0x0000000083400000| PB 0x0000000083400000| Complete 
|  53|0x0000000083500000, 0x0000000083600000, 0x0000000083600000|100%|HS|  |TAMS 0x0000000083500000| PB 0x0000000083500000| Complete 
|  54|0x0000000083600000, 0x0000000083700000, 0x0000000083700000|100%|HC|  |TAMS 0x0000000083600000| PB 0x0000000083600000| Complete 
|  55|0x0000000083700000, 0x0000000083800000, 0x0000000083800000|100%|HC|  |TAMS 0x0000000083700000| PB 0x0000000083700000| Complete 
|  56|0x0000000083800000, 0x0000000083900000, 0x0000000083900000|100%|HS|  |TAMS 0x0000000083800000| PB 0x0000000083800000| Complete 
|  57|0x0000000083900000, 0x0000000083a00000, 0x0000000083a00000|100%|HS|  |TAMS 0x0000000083900000| PB 0x0000000083900000| Complete 
|  58|0x0000000083a00000, 0x0000000083b00000, 0x0000000083b00000|100%| O|  |TAMS 0x0000000083a00000| PB 0x0000000083a00000| Untracked 
|  59|0x0000000083b00000, 0x0000000083c00000, 0x0000000083c00000|100%| O|  |TAMS 0x0000000083b00000| PB 0x0000000083b00000| Untracked 
|  60|0x0000000083c00000, 0x0000000083d00000, 0x0000000083d00000|100%| O|  |TAMS 0x0000000083c00000| PB 0x0000000083c00000| Untracked 
|  61|0x0000000083d00000, 0x0000000083e00000, 0x0000000083e00000|100%| O|  |TAMS 0x0000000083d00000| PB 0x0000000083d00000| Untracked 
|  62|0x0000000083e00000, 0x0000000083f00000, 0x0000000083f00000|100%| O|  |TAMS 0x0000000083e00000| PB 0x0000000083e00000| Untracked 
|  63|0x0000000083f00000, 0x0000000084000000, 0x0000000084000000|100%| O|  |TAMS 0x0000000083f00000| PB 0x0000000083f00000| Untracked 
|  64|0x0000000084000000, 0x0000000084100000, 0x0000000084100000|100%|HS|  |TAMS 0x0000000084000000| PB 0x0000000084000000| Complete 
|  65|0x0000000084100000, 0x0000000084200000, 0x0000000084200000|100%|HS|  |TAMS 0x0000000084100000| PB 0x0000000084100000| Complete 
|  66|0x0000000084200000, 0x0000000084300000, 0x0000000084300000|100%| O|  |TAMS 0x0000000084200000| PB 0x0000000084200000| Untracked 
|  67|0x0000000084300000, 0x0000000084400000, 0x0000000084400000|100%| O|  |TAMS 0x0000000084300000| PB 0x0000000084300000| Untracked 
|  68|0x0000000084400000, 0x0000000084500000, 0x0000000084500000|100%| O|  |TAMS 0x0000000084400000| PB 0x0000000084400000| Untracked 
|  69|0x0000000084500000, 0x0000000084600000, 0x0000000084600000|100%|HS|  |TAMS 0x0000000084500000| PB 0x0000000084500000| Complete 
|  70|0x0000000084600000, 0x0000000084700000, 0x0000000084700000|100%| O|  |TAMS 0x0000000084600000| PB 0x0000000084600000| Untracked 
|  71|0x0000000084700000, 0x0000000084800000, 0x0000000084800000|100%| O|  |TAMS 0x0000000084700000| PB 0x0000000084700000| Untracked 
|  72|0x0000000084800000, 0x0000000084900000, 0x0000000084900000|100%| O|  |TAMS 0x0000000084800000| PB 0x0000000084800000| Untracked 
|  73|0x0000000084900000, 0x0000000084a00000, 0x0000000084a00000|100%| O|  |TAMS 0x0000000084900000| PB 0x0000000084900000| Untracked 
|  74|0x0000000084a00000, 0x0000000084b00000, 0x0000000084b00000|100%| O|  |TAMS 0x0000000084a00000| PB 0x0000000084a00000| Untracked 
|  75|0x0000000084b00000, 0x0000000084c00000, 0x0000000084c00000|100%|HS|  |TAMS 0x0000000084b00000| PB 0x0000000084b00000| Complete 
|  76|0x0000000084c00000, 0x0000000084d00000, 0x0000000084d00000|100%|HC|  |TAMS 0x0000000084c00000| PB 0x0000000084c00000| Complete 
|  77|0x0000000084d00000, 0x0000000084e00000, 0x0000000084e00000|100%|HC|  |TAMS 0x0000000084d00000| PB 0x0000000084d00000| Complete 
|  78|0x0000000084e00000, 0x0000000084f00000, 0x0000000084f00000|100%| O|  |TAMS 0x0000000084e00000| PB 0x0000000084e00000| Untracked 
|  79|0x0000000084f00000, 0x0000000085000000, 0x0000000085000000|100%| O|  |TAMS 0x0000000084f00000| PB 0x0000000084f00000| Untracked 
|  80|0x0000000085000000, 0x0000000085100000, 0x0000000085100000|100%| O|  |TAMS 0x0000000085000000| PB 0x0000000085000000| Untracked 
|  81|0x0000000085100000, 0x0000000085200000, 0x0000000085200000|100%| O|  |TAMS 0x0000000085100000| PB 0x0000000085100000| Untracked 
|  82|0x0000000085200000, 0x0000000085200000, 0x0000000085300000|  0%| F|  |TAMS 0x0000000085200000| PB 0x0000000085200000| Untracked 
|  83|0x0000000085300000, 0x0000000085400000, 0x0000000085400000|100%| O|  |TAMS 0x0000000085300000| PB 0x0000000085300000| Untracked 
|  84|0x0000000085400000, 0x0000000085500000, 0x0000000085500000|100%| O|Cm|TAMS 0x0000000085400000| PB 0x0000000085400000| Complete 
|  85|0x0000000085500000, 0x0000000085600000, 0x0000000085600000|100%| O|  |TAMS 0x0000000085500000| PB 0x0000000085500000| Untracked 
|  86|0x0000000085600000, 0x0000000085700000, 0x0000000085700000|100%| O|  |TAMS 0x0000000085600000| PB 0x0000000085600000| Untracked 
|  87|0x0000000085700000, 0x0000000085700000, 0x0000000085800000|  0%| F|  |TAMS 0x0000000085700000| PB 0x0000000085700000| Untracked 
|  88|0x0000000085800000, 0x0000000085800000, 0x0000000085900000|  0%| F|  |TAMS 0x0000000085800000| PB 0x0000000085800000| Untracked 
|  89|0x0000000085900000, 0x0000000085900000, 0x0000000085a00000|  0%| F|  |TAMS 0x0000000085900000| PB 0x0000000085900000| Untracked 
|  90|0x0000000085a00000, 0x0000000085b00000, 0x0000000085b00000|100%| O|  |TAMS 0x0000000085a00000| PB 0x0000000085a00000| Untracked 
|  91|0x0000000085b00000, 0x0000000085b00000, 0x0000000085c00000|  0%| F|  |TAMS 0x0000000085b00000| PB 0x0000000085b00000| Untracked 
|  92|0x0000000085c00000, 0x0000000085d00000, 0x0000000085d00000|100%| O|  |TAMS 0x0000000085c00000| PB 0x0000000085c00000| Untracked 
|  93|0x0000000085d00000, 0x0000000085d55290, 0x0000000085e00000| 33%| O|  |TAMS 0x0000000085d00000| PB 0x0000000085d00000| Untracked 
|  94|0x0000000085e00000, 0x0000000085e00000, 0x0000000085f00000|  0%| F|  |TAMS 0x0000000085e00000| PB 0x0000000085e00000| Untracked 
|  95|0x0000000085f00000, 0x0000000085f00000, 0x0000000086000000|  0%| F|  |TAMS 0x0000000085f00000| PB 0x0000000085f00000| Untracked 
|  96|0x0000000086000000, 0x0000000086000000, 0x0000000086100000|  0%| F|  |TAMS 0x0000000086000000| PB 0x0000000086000000| Untracked 
|  97|0x0000000086100000, 0x0000000086100000, 0x0000000086200000|  0%| F|  |TAMS 0x0000000086100000| PB 0x0000000086100000| Untracked 
|  98|0x0000000086200000, 0x0000000086200000, 0x0000000086300000|  0%| F|  |TAMS 0x0000000086200000| PB 0x0000000086200000| Untracked 
|  99|0x0000000086300000, 0x0000000086300000, 0x0000000086400000|  0%| F|  |TAMS 0x0000000086300000| PB 0x0000000086300000| Untracked 
| 100|0x0000000086400000, 0x0000000086400000, 0x0000000086500000|  0%| F|  |TAMS 0x0000000086400000| PB 0x0000000086400000| Untracked 
| 101|0x0000000086500000, 0x0000000086500000, 0x0000000086600000|  0%| F|  |TAMS 0x0000000086500000| PB 0x0000000086500000| Untracked 
| 102|0x0000000086600000, 0x0000000086600000, 0x0000000086700000|  0%| F|  |TAMS 0x0000000086600000| PB 0x0000000086600000| Untracked 
| 103|0x0000000086700000, 0x0000000086700000, 0x0000000086800000|  0%| F|  |TAMS 0x0000000086700000| PB 0x0000000086700000| Untracked 
| 104|0x0000000086800000, 0x0000000086800000, 0x0000000086900000|  0%| F|  |TAMS 0x0000000086800000| PB 0x0000000086800000| Untracked 
| 105|0x0000000086900000, 0x0000000086900000, 0x0000000086a00000|  0%| F|  |TAMS 0x0000000086900000| PB 0x0000000086900000| Untracked 
| 106|0x0000000086a00000, 0x0000000086a00000, 0x0000000086b00000|  0%| F|  |TAMS 0x0000000086a00000| PB 0x0000000086a00000| Untracked 
| 107|0x0000000086b00000, 0x0000000086c00000, 0x0000000086c00000|100%| S|CS|TAMS 0x0000000086b00000| PB 0x0000000086b00000| Complete 
| 108|0x0000000086c00000, 0x0000000086d00000, 0x0000000086d00000|100%| S|CS|TAMS 0x0000000086c00000| PB 0x0000000086c00000| Complete 
| 109|0x0000000086d00000, 0x0000000086e00000, 0x0000000086e00000|100%| S|CS|TAMS 0x0000000086d00000| PB 0x0000000086d00000| Complete 
| 110|0x0000000086e00000, 0x0000000086f00000, 0x0000000086f00000|100%| S|CS|TAMS 0x0000000086e00000| PB 0x0000000086e00000| Complete 
| 111|0x0000000086f00000, 0x0000000087000000, 0x0000000087000000|100%| S|CS|TAMS 0x0000000086f00000| PB 0x0000000086f00000| Complete 
| 112|0x0000000087000000, 0x0000000087100000, 0x0000000087100000|100%| S|CS|TAMS 0x0000000087000000| PB 0x0000000087000000| Complete 
| 113|0x0000000087100000, 0x0000000087200000, 0x0000000087200000|100%| S|CS|TAMS 0x0000000087100000| PB 0x0000000087100000| Complete 
| 114|0x0000000087200000, 0x0000000087200000, 0x0000000087300000|  0%| F|  |TAMS 0x0000000087200000| PB 0x0000000087200000| Untracked 
| 115|0x0000000087300000, 0x0000000087300000, 0x0000000087400000|  0%| F|  |TAMS 0x0000000087300000| PB 0x0000000087300000| Untracked 
| 116|0x0000000087400000, 0x0000000087400000, 0x0000000087500000|  0%| F|  |TAMS 0x0000000087400000| PB 0x0000000087400000| Untracked 
| 117|0x0000000087500000, 0x0000000087500000, 0x0000000087600000|  0%| F|  |TAMS 0x0000000087500000| PB 0x0000000087500000| Untracked 
| 118|0x0000000087600000, 0x0000000087600000, 0x0000000087700000|  0%| F|  |TAMS 0x0000000087600000| PB 0x0000000087600000| Untracked 
| 119|0x0000000087700000, 0x0000000087700000, 0x0000000087800000|  0%| F|  |TAMS 0x0000000087700000| PB 0x0000000087700000| Untracked 
| 120|0x0000000087800000, 0x0000000087800000, 0x0000000087900000|  0%| F|  |TAMS 0x0000000087800000| PB 0x0000000087800000| Untracked 
| 121|0x0000000087900000, 0x0000000087900000, 0x0000000087a00000|  0%| F|  |TAMS 0x0000000087900000| PB 0x0000000087900000| Untracked 
| 122|0x0000000087a00000, 0x0000000087a00000, 0x0000000087b00000|  0%| F|  |TAMS 0x0000000087a00000| PB 0x0000000087a00000| Untracked 
| 123|0x0000000087b00000, 0x0000000087b00000, 0x0000000087c00000|  0%| F|  |TAMS 0x0000000087b00000| PB 0x0000000087b00000| Untracked 
| 124|0x0000000087c00000, 0x0000000087c00000, 0x0000000087d00000|  0%| F|  |TAMS 0x0000000087c00000| PB 0x0000000087c00000| Untracked 
| 125|0x0000000087d00000, 0x0000000087d00000, 0x0000000087e00000|  0%| F|  |TAMS 0x0000000087d00000| PB 0x0000000087d00000| Untracked 
| 126|0x0000000087e00000, 0x0000000087e00000, 0x0000000087f00000|  0%| F|  |TAMS 0x0000000087e00000| PB 0x0000000087e00000| Untracked 
| 127|0x0000000087f00000, 0x0000000087f00000, 0x0000000088000000|  0%| F|  |TAMS 0x0000000087f00000| PB 0x0000000087f00000| Untracked 
| 128|0x0000000088000000, 0x0000000088000000, 0x0000000088100000|  0%| F|  |TAMS 0x0000000088000000| PB 0x0000000088000000| Untracked 
| 129|0x0000000088100000, 0x0000000088100000, 0x0000000088200000|  0%| F|  |TAMS 0x0000000088100000| PB 0x0000000088100000| Untracked 
| 130|0x0000000088200000, 0x0000000088200000, 0x0000000088300000|  0%| F|  |TAMS 0x0000000088200000| PB 0x0000000088200000| Untracked 
| 131|0x0000000088300000, 0x0000000088300000, 0x0000000088400000|  0%| F|  |TAMS 0x0000000088300000| PB 0x0000000088300000| Untracked 
| 132|0x0000000088400000, 0x0000000088400000, 0x0000000088500000|  0%| F|  |TAMS 0x0000000088400000| PB 0x0000000088400000| Untracked 
| 133|0x0000000088500000, 0x0000000088500000, 0x0000000088600000|  0%| F|  |TAMS 0x0000000088500000| PB 0x0000000088500000| Untracked 
| 134|0x0000000088600000, 0x0000000088600000, 0x0000000088700000|  0%| F|  |TAMS 0x0000000088600000| PB 0x0000000088600000| Untracked 
| 135|0x0000000088700000, 0x0000000088700000, 0x0000000088800000|  0%| F|  |TAMS 0x0000000088700000| PB 0x0000000088700000| Untracked 
| 136|0x0000000088800000, 0x0000000088800000, 0x0000000088900000|  0%| F|  |TAMS 0x0000000088800000| PB 0x0000000088800000| Untracked 
| 137|0x0000000088900000, 0x0000000088900000, 0x0000000088a00000|  0%| F|  |TAMS 0x0000000088900000| PB 0x0000000088900000| Untracked 
| 138|0x0000000088a00000, 0x0000000088a00000, 0x0000000088b00000|  0%| F|  |TAMS 0x0000000088a00000| PB 0x0000000088a00000| Untracked 
| 139|0x0000000088b00000, 0x0000000088b00000, 0x0000000088c00000|  0%| F|  |TAMS 0x0000000088b00000| PB 0x0000000088b00000| Untracked 
| 140|0x0000000088c00000, 0x0000000088c00000, 0x0000000088d00000|  0%| F|  |TAMS 0x0000000088c00000| PB 0x0000000088c00000| Untracked 
| 141|0x0000000088d00000, 0x0000000088d00000, 0x0000000088e00000|  0%| F|  |TAMS 0x0000000088d00000| PB 0x0000000088d00000| Untracked 
| 142|0x0000000088e00000, 0x0000000088e00000, 0x0000000088f00000|  0%| F|  |TAMS 0x0000000088e00000| PB 0x0000000088e00000| Untracked 
| 143|0x0000000088f00000, 0x0000000088f00000, 0x0000000089000000|  0%| F|  |TAMS 0x0000000088f00000| PB 0x0000000088f00000| Untracked 
| 144|0x0000000089000000, 0x0000000089000000, 0x0000000089100000|  0%| F|  |TAMS 0x0000000089000000| PB 0x0000000089000000| Untracked 
| 145|0x0000000089100000, 0x0000000089100000, 0x0000000089200000|  0%| F|  |TAMS 0x0000000089100000| PB 0x0000000089100000| Untracked 
| 146|0x0000000089200000, 0x00000000892beee8, 0x0000000089300000| 74%| E|  |TAMS 0x0000000089200000| PB 0x0000000089200000| Complete 
| 147|0x0000000089300000, 0x0000000089400000, 0x0000000089400000|100%| E|CS|TAMS 0x0000000089300000| PB 0x0000000089300000| Complete 
| 148|0x0000000089400000, 0x0000000089500000, 0x0000000089500000|100%| E|CS|TAMS 0x0000000089400000| PB 0x0000000089400000| Complete 
| 149|0x0000000089500000, 0x0000000089600000, 0x0000000089600000|100%| E|CS|TAMS 0x0000000089500000| PB 0x0000000089500000| Complete 
| 150|0x0000000089600000, 0x0000000089700000, 0x0000000089700000|100%| E|CS|TAMS 0x0000000089600000| PB 0x0000000089600000| Complete 
| 151|0x0000000089700000, 0x0000000089800000, 0x0000000089800000|100%| E|CS|TAMS 0x0000000089700000| PB 0x0000000089700000| Complete 
| 152|0x0000000089800000, 0x0000000089900000, 0x0000000089900000|100%| E|CS|TAMS 0x0000000089800000| PB 0x0000000089800000| Complete 
| 153|0x0000000089900000, 0x0000000089a00000, 0x0000000089a00000|100%| E|CS|TAMS 0x0000000089900000| PB 0x0000000089900000| Complete 
|2035|0x00000000ff300000, 0x00000000ff400000, 0x00000000ff400000|100%| O|Cm|TAMS 0x00000000ff300000| PB 0x00000000ff300000| Complete 
|2036|0x00000000ff400000, 0x00000000ff500000, 0x00000000ff500000|100%| O|  |TAMS 0x00000000ff400000| PB 0x00000000ff400000| Untracked 
|2037|0x00000000ff500000, 0x00000000ff600000, 0x00000000ff600000|100%| O|  |TAMS 0x00000000ff500000| PB 0x00000000ff500000| Untracked 
|2038|0x00000000ff600000, 0x00000000ff700000, 0x00000000ff700000|100%| O|  |TAMS 0x00000000ff600000| PB 0x00000000ff600000| Untracked 
|2039|0x00000000ff700000, 0x00000000ff800000, 0x00000000ff800000|100%| E|CS|TAMS 0x00000000ff700000| PB 0x00000000ff700000| Complete 
|2040|0x00000000ff800000, 0x00000000ff900000, 0x00000000ff900000|100%| O|Cm|TAMS 0x00000000ff800000| PB 0x00000000ff800000| Complete 
|2041|0x00000000ff900000, 0x00000000ffa00000, 0x00000000ffa00000|100%| E|CS|TAMS 0x00000000ff900000| PB 0x00000000ff900000| Complete 
|2042|0x00000000ffa00000, 0x00000000ffb00000, 0x00000000ffb00000|100%| E|  |TAMS 0x00000000ffa00000| PB 0x00000000ffa00000| Complete 
|2043|0x00000000ffb00000, 0x00000000ffc00000, 0x00000000ffc00000|100%| O|  |TAMS 0x00000000ffb00000| PB 0x00000000ffb00000| Untracked 
|2044|0x00000000ffc00000, 0x00000000ffd00000, 0x00000000ffd00000|100%| O|  |TAMS 0x00000000ffc00000| PB 0x00000000ffc00000| Untracked 
|2045|0x00000000ffd00000, 0x00000000ffe00000, 0x00000000ffe00000|100%| O|  |TAMS 0x00000000ffd00000| PB 0x00000000ffd00000| Untracked 
|2046|0x00000000ffe00000, 0x00000000fff00000, 0x00000000fff00000|100%| E|CS|TAMS 0x00000000ffe00000| PB 0x00000000ffe00000| Complete 
|2047|0x00000000fff00000, 0x0000000100000000, 0x0000000100000000|100%| O|  |TAMS 0x00000000fff00000| PB 0x00000000fff00000| Untracked 

Card table byte_map: [0x00000284fa2c0000,0x00000284fa6c0000] _byte_map_base: 0x00000284f9ec0000

Marking Bits: (CMBitMap*) 0x00000284f6874ae0
 Bits: [0x00000284fa6c0000, 0x00000284fc6c0000)

Polling page: 0x00000284f48d0000

Metaspace:

Usage:
  Non-class:     96.80 MB used.
      Class:     15.73 MB used.
       Both:    112.53 MB used.

Virtual space:
  Non-class space:      128.00 MB reserved,      97.81 MB ( 76%) committed,  2 nodes.
      Class space:        1.00 GB reserved,      16.75 MB (  2%) committed,  1 nodes.
             Both:        1.12 GB reserved,     114.56 MB ( 10%) committed. 

Chunk freelists:
   Non-Class:  14.19 MB
       Class:  15.20 MB
        Both:  29.39 MB

MaxMetaspaceSize: unlimited
CompressedClassSpaceSize: 1.00 GB
Initial GC threshold: 21.00 MB
Current GC threshold: 182.00 MB
CDS: off
 - commit_granule_bytes: 65536.
 - commit_granule_words: 8192.
 - virtual_space_node_default_size: 8388608.
 - enlarge_chunks_in_place: 1.
 - use_allocation_guard: 0.


Internal statistics:

num_allocs_failed_limit: 9.
num_arena_births: 4164.
num_arena_deaths: 0.
num_vsnodes_births: 3.
num_vsnodes_deaths: 0.
num_space_committed: 1832.
num_space_uncommitted: 0.
num_chunks_returned_to_freelist: 9.
num_chunks_taken_from_freelist: 8856.
num_chunk_merges: 9.
num_chunk_splits: 5821.
num_chunks_enlarged: 3702.
num_inconsistent_stats: 0.

CodeHeap 'non-profiled nmethods': size=120000Kb used=5546Kb max_used=5546Kb free=114453Kb
 bounds [0x0000028487ad0000, 0x0000028488040000, 0x000002848f000000]
CodeHeap 'profiled nmethods': size=120000Kb used=18412Kb max_used=18412Kb free=101587Kb
 bounds [0x0000028480000000, 0x0000028481200000, 0x0000028487530000]
CodeHeap 'non-nmethods': size=5760Kb used=2160Kb max_used=2231Kb free=3599Kb
 bounds [0x0000028487530000, 0x00000284877a0000, 0x0000028487ad0000]
CodeCache: size=245760Kb, used=26118Kb, max_used=26189Kb, free=219639Kb
 total_blobs=11207, nmethods=10320, adapters=791, full_count=0
Compilation: enabled, stopped_count=0, restarted_count=0

Compilation events (20 events):
Event: 60.053 Thread 0x00000284956341c0 12028       4       java.util.stream.ReferencePipeline::<init> (8 bytes)
Event: 60.057 Thread 0x00000284956341c0 nmethod 12028 0x0000028488037b90 code [0x0000028488037d20, 0x0000028488037f80]
Event: 60.057 Thread 0x00000284ff5371e0 12032       3       java.io.ObjectStreamClass::<init> (10 bytes)
Event: 60.057 Thread 0x00000284ff5371e0 nmethod 12032 0x00000284811f5a10 code [0x00000284811f5bc0, 0x00000284811f5d28]
Event: 60.057 Thread 0x00000284ff5371e0 12033       3       java.io.ObjectInputStream$BlockDataInputStream::read (138 bytes)
Event: 60.059 Thread 0x00000284ff5371e0 nmethod 12033 0x00000284811f5e10 code [0x00000284811f6040, 0x00000284811f6740]
Event: 60.061 Thread 0x00000284ff5371e0 12034       3       jdk.internal.reflect.ByteVectorImpl::resize (44 bytes)
Event: 60.062 Thread 0x00000284ff5371e0 nmethod 12034 0x00000284811f6990 code [0x00000284811f6b40, 0x00000284811f6e10]
Event: 60.069 Thread 0x00000284ff557c40 nmethod 12023% 0x0000028488038010 code [0x00000284880381c0, 0x0000028488038ad8]
Event: 60.070 Thread 0x00000284ff5371e0 12035       3       com.android.tools.build.gradle.internal.profile.GradleTaskExecutionType::<init> (12 bytes)
Event: 60.070 Thread 0x00000284ff5371e0 nmethod 12035 0x00000284811f6f10 code [0x00000284811f70c0, 0x00000284811f72e8]
Event: 60.131 Thread 0x00000284ff557c40 12036       4       jdk.internal.org.objectweb.asm.MethodWriter::computeMethodInfoSize (571 bytes)
Event: 60.140 Thread 0x00000284ff557c40 nmethod 12036 0x0000028488038d90 code [0x0000028488038fc0, 0x00000284880396f0]
Event: 60.143 Thread 0x00000284ff557c40 12037       4       sun.invoke.util.VerifyAccess::isMemberAccessible (338 bytes)
Event: 60.150 Thread 0x00000284ff557c40 nmethod 12037 0x0000028488039c90 code [0x0000028488039ea0, 0x000002848803a458]
Event: 60.157 Thread 0x00000284ff557c40 12038       4       java.lang.PublicMethods::merge (81 bytes)
Event: 60.167 Thread 0x00000284ff5371e0 12040       3       org.gradle.internal.properties.annotations.DefaultTypeMetadataStore$DefaultPropertyMetadata::isAnnotationPresent (11 bytes)
Event: 60.167 Thread 0x00000284ff5371e0 nmethod 12040 0x00000284811f7410 code [0x00000284811f75c0, 0x00000284811f78a0]
Event: 60.167 Thread 0x00000284ff5371e0 12041       3       org.gradle.internal.reflect.annotations.impl.AbstractHasAnnotationMetadata::isAnnotationPresent (9 bytes)
Event: 60.167 Thread 0x00000284ff5371e0 nmethod 12041 0x00000284811f7a10 code [0x00000284811f7bc0, 0x00000284811f7d90]

GC Heap History (20 events):
Event: 44.645 GC heap before
{Heap before GC invocations=32 (full 0):
 garbage-first heap   total 133120K, used 109971K [0x0000000080000000, 0x0000000100000000)
  region size 1024K, 34 young (34816K), 3 survivors (3072K)
 Metaspace       used 85611K, committed 87424K, reserved 1179648K
  class space    used 11824K, committed 12736K, reserved 1048576K
}
Event: 44.654 GC heap after
{Heap after GC invocations=33 (full 0):
 garbage-first heap   total 133120K, used 82450K [0x0000000080000000, 0x0000000100000000)
  region size 1024K, 5 young (5120K), 5 survivors (5120K)
 Metaspace       used 85611K, committed 87424K, reserved 1179648K
  class space    used 11824K, committed 12736K, reserved 1048576K
}
Event: 45.908 GC heap before
{Heap before GC invocations=33 (full 0):
 garbage-first heap   total 133120K, used 123410K [0x0000000080000000, 0x0000000100000000)
  region size 1024K, 42 young (43008K), 5 survivors (5120K)
 Metaspace       used 87932K, committed 89792K, reserved 1179648K
  class space    used 12150K, committed 13056K, reserved 1048576K
}
Event: 45.918 GC heap after
{Heap after GC invocations=34 (full 0):
 garbage-first heap   total 135168K, used 84293K [0x0000000080000000, 0x0000000100000000)
  region size 1024K, 3 young (3072K), 3 survivors (3072K)
 Metaspace       used 87932K, committed 89792K, reserved 1179648K
  class space    used 12150K, committed 13056K, reserved 1048576K
}
Event: 47.427 GC heap before
{Heap before GC invocations=34 (full 0):
 garbage-first heap   total 135168K, used 122181K [0x0000000080000000, 0x0000000100000000)
  region size 1024K, 40 young (40960K), 3 survivors (3072K)
 Metaspace       used 91125K, committed 92992K, reserved 1179648K
  class space    used 12569K, committed 13504K, reserved 1048576K
}
Event: 47.436 GC heap after
{Heap after GC invocations=35 (full 0):
 garbage-first heap   total 135168K, used 85888K [0x0000000080000000, 0x0000000100000000)
  region size 1024K, 5 young (5120K), 5 survivors (5120K)
 Metaspace       used 91125K, committed 92992K, reserved 1179648K
  class space    used 12569K, committed 13504K, reserved 1048576K
}
Event: 48.735 GC heap before
{Heap before GC invocations=36 (full 0):
 garbage-first heap   total 145408K, used 123776K [0x0000000080000000, 0x0000000100000000)
  region size 1024K, 39 young (39936K), 5 survivors (5120K)
 Metaspace       used 94913K, committed 96768K, reserved 1179648K
  class space    used 13110K, committed 14016K, reserved 1048576K
}
Event: 48.743 GC heap after
{Heap after GC invocations=37 (full 0):
 garbage-first heap   total 145408K, used 91363K [0x0000000080000000, 0x0000000100000000)
  region size 1024K, 5 young (5120K), 5 survivors (5120K)
 Metaspace       used 94913K, committed 96768K, reserved 1179648K
  class space    used 13110K, committed 14016K, reserved 1048576K
}
Event: 50.024 GC heap before
{Heap before GC invocations=37 (full 0):
 garbage-first heap   total 145408K, used 130275K [0x0000000080000000, 0x0000000100000000)
  region size 1024K, 43 young (44032K), 5 survivors (5120K)
 Metaspace       used 97579K, committed 99456K, reserved 1179648K
  class space    used 13514K, committed 14400K, reserved 1048576K
}
Event: 50.033 GC heap after
{Heap after GC invocations=38 (full 0):
 garbage-first heap   total 145408K, used 92197K [0x0000000080000000, 0x0000000100000000)
  region size 1024K, 4 young (4096K), 4 survivors (4096K)
 Metaspace       used 97579K, committed 99456K, reserved 1179648K
  class space    used 13514K, committed 14400K, reserved 1048576K
}
Event: 51.426 GC heap before
{Heap before GC invocations=38 (full 0):
 garbage-first heap   total 145408K, used 132133K [0x0000000080000000, 0x0000000100000000)
  region size 1024K, 43 young (44032K), 4 survivors (4096K)
 Metaspace       used 99058K, committed 100928K, reserved 1179648K
  class space    used 13696K, committed 14592K, reserved 1048576K
}
Event: 51.437 GC heap after
{Heap after GC invocations=39 (full 0):
 garbage-first heap   total 145408K, used 96950K [0x0000000080000000, 0x0000000100000000)
  region size 1024K, 6 young (6144K), 6 survivors (6144K)
 Metaspace       used 99058K, committed 100928K, reserved 1179648K
  class space    used 13696K, committed 14592K, reserved 1048576K
}
Event: 53.250 GC heap before
{Heap before GC invocations=40 (full 0):
 garbage-first heap   total 162816K, used 129718K [0x0000000080000000, 0x0000000100000000)
  region size 1024K, 38 young (38912K), 6 survivors (6144K)
 Metaspace       used 101679K, committed 103616K, reserved 1179648K
  class space    used 14079K, committed 15040K, reserved 1048576K
}
Event: 53.258 GC heap after
{Heap after GC invocations=41 (full 0):
 garbage-first heap   total 162816K, used 98750K [0x0000000080000000, 0x0000000100000000)
  region size 1024K, 2 young (2048K), 2 survivors (2048K)
 Metaspace       used 101679K, committed 103616K, reserved 1179648K
  class space    used 14079K, committed 15040K, reserved 1048576K
}
Event: 55.281 GC heap before
{Heap before GC invocations=41 (full 0):
 garbage-first heap   total 162816K, used 151998K [0x0000000080000000, 0x0000000100000000)
  region size 1024K, 53 young (54272K), 2 survivors (2048K)
 Metaspace       used 105919K, committed 107840K, reserved 1179648K
  class space    used 14823K, committed 15744K, reserved 1048576K
}
Event: 55.288 GC heap after
{Heap after GC invocations=42 (full 0):
 garbage-first heap   total 162816K, used 98594K [0x0000000080000000, 0x0000000100000000)
  region size 1024K, 3 young (3072K), 3 survivors (3072K)
 Metaspace       used 105919K, committed 107840K, reserved 1179648K
  class space    used 14823K, committed 15744K, reserved 1048576K
}
Event: 57.082 GC heap before
{Heap before GC invocations=42 (full 0):
 garbage-first heap   total 162816K, used 149794K [0x0000000080000000, 0x0000000100000000)
  region size 1024K, 53 young (54272K), 3 survivors (3072K)
 Metaspace       used 109637K, committed 111616K, reserved 1179648K
  class space    used 15369K, committed 16320K, reserved 1048576K
}
Event: 57.091 GC heap after
{Heap after GC invocations=43 (full 0):
 garbage-first heap   total 162816K, used 101152K [0x0000000080000000, 0x0000000100000000)
  region size 1024K, 6 young (6144K), 6 survivors (6144K)
 Metaspace       used 109637K, committed 111616K, reserved 1179648K
  class space    used 15369K, committed 16320K, reserved 1048576K
}
Event: 59.652 GC heap before
{Heap before GC invocations=44 (full 0):
 garbage-first heap   total 171008K, used 150304K [0x0000000080000000, 0x0000000100000000)
  region size 1024K, 50 young (51200K), 6 survivors (6144K)
 Metaspace       used 113724K, committed 115840K, reserved 1179648K
  class space    used 15816K, committed 16832K, reserved 1048576K
}
Event: 59.665 GC heap after
{Heap after GC invocations=45 (full 0):
 garbage-first heap   total 171008K, used 105812K [0x0000000080000000, 0x0000000100000000)
  region size 1024K, 7 young (7168K), 7 survivors (7168K)
 Metaspace       used 113724K, committed 115840K, reserved 1179648K
  class space    used 15816K, committed 16832K, reserved 1048576K
}

Dll operation events (3 events):
Event: 0.031 Loaded shared library C:\Program Files\Android\Android Studio\jbr\bin\java.dll
Event: 0.044 Loaded shared library C:\Program Files\Android\Android Studio\jbr\bin\zip.dll
Event: 2.257 Loaded shared library C:\Program Files\Android\Android Studio\jbr\bin\verify.dll

Deoptimization events (20 events):
Event: 59.995 Thread 0x000002849e8983b0 Uncommon trap: trap_request=0xffffffc6 fr.pc=0x0000028487fffde4 relative=0x0000000000000484
Event: 59.995 Thread 0x000002849e8983b0 Uncommon trap: reason=bimorphic_or_optimized_type_check action=maybe_recompile pc=0x0000028487fffde4 method=com.google.common.collect.NaturalOrdering.compare(Ljava/lang/Comparable;Ljava/lang/Comparable;)I @ 12 c2
Event: 59.995 Thread 0x000002849e8983b0 DEOPT PACKING pc=0x0000028487fffde4 sp=0x000000d60d6fe350
Event: 59.995 Thread 0x000002849e8983b0 DEOPT UNPACKING pc=0x00000284875846a2 sp=0x000000d60d6fe278 mode 2
Event: 59.996 Thread 0x000002849e8983b0 Uncommon trap: trap_request=0xffffffc6 fr.pc=0x0000028487bb5214 relative=0x0000000000000254
Event: 59.996 Thread 0x000002849e8983b0 Uncommon trap: reason=bimorphic_or_optimized_type_check action=maybe_recompile pc=0x0000028487bb5214 method=java.util.stream.StreamOpFlag.fromCharacteristics(Ljava/util/Spliterator;)I @ 14 c2
Event: 59.996 Thread 0x000002849e8983b0 DEOPT PACKING pc=0x0000028487bb5214 sp=0x000000d60d6fe2b0
Event: 59.996 Thread 0x000002849e8983b0 DEOPT UNPACKING pc=0x00000284875846a2 sp=0x000000d60d6fe200 mode 2
Event: 59.996 Thread 0x000002849e8983b0 Uncommon trap: trap_request=0xffffffc6 fr.pc=0x0000028487cce198 relative=0x0000000000000078
Event: 59.996 Thread 0x000002849e8983b0 Uncommon trap: reason=bimorphic_or_optimized_type_check action=maybe_recompile pc=0x0000028487cce198 method=java.util.stream.StreamOpFlag.fromCharacteristics(Ljava/util/Spliterator;)I @ 14 c2
Event: 59.996 Thread 0x000002849e8983b0 DEOPT PACKING pc=0x0000028487cce198 sp=0x000000d60d6fe270
Event: 59.996 Thread 0x000002849e8983b0 DEOPT UNPACKING pc=0x00000284875846a2 sp=0x000000d60d6fe208 mode 2
Event: 60.042 Thread 0x0000028497dc66b0 Uncommon trap: trap_request=0xffffff45 fr.pc=0x0000028487fa2df4 relative=0x0000000000000674
Event: 60.042 Thread 0x0000028497dc66b0 Uncommon trap: reason=unstable_if action=reinterpret pc=0x0000028487fa2df4 method=org.gradle.internal.snapshot.impl.AbstractValueProcessor.processValue(Ljava/lang/Object;Lorg/gradle/internal/snapshot/impl/AbstractValueProcessor$ValueVisitor;)Ljava/lang/Ob
Event: 60.042 Thread 0x0000028497dc66b0 DEOPT PACKING pc=0x0000028487fa2df4 sp=0x000000d60c8fe9c0
Event: 60.042 Thread 0x0000028497dc66b0 DEOPT UNPACKING pc=0x00000284875846a2 sp=0x000000d60c8fe940 mode 2
Event: 60.047 Thread 0x000002849e899760 Uncommon trap: trap_request=0xffffff45 fr.pc=0x0000028487b40a80 relative=0x0000000000000220
Event: 60.047 Thread 0x000002849e899760 Uncommon trap: reason=unstable_if action=reinterpret pc=0x0000028487b40a80 method=com.esotericsoftware.kryo.io.Input.readVarInt(Z)I @ 42 c2
Event: 60.047 Thread 0x000002849e899760 DEOPT PACKING pc=0x0000028487b40a80 sp=0x000000d60d8fe010
Event: 60.047 Thread 0x000002849e899760 DEOPT UNPACKING pc=0x00000284875846a2 sp=0x000000d60d8fdef8 mode 2

Classes loaded (20 events):
Event: 59.372 Loading class java/io/SerialCallbackContext
Event: 59.374 Loading class java/io/SerialCallbackContext done
Event: 59.395 Loading class java/util/HashMap$UnsafeHolder
Event: 59.395 Loading class java/util/HashMap$UnsafeHolder done
Event: 59.546 Loading class sun/nio/ch/ChannelOutputStream
Event: 59.546 Loading class sun/nio/ch/ChannelOutputStream done
Event: 59.553 Loading class java/util/concurrent/ConcurrentLinkedQueue$Itr
Event: 59.554 Loading class java/util/concurrent/ConcurrentLinkedQueue$Itr done
Event: 59.927 Loading class java/util/TreeMap$KeySpliterator
Event: 59.928 Loading class java/util/TreeMap$TreeMapSpliterator
Event: 59.928 Loading class java/util/TreeMap$TreeMapSpliterator done
Event: 59.928 Loading class java/util/TreeMap$KeySpliterator done
Event: 60.037 Loading class java/time/Clock
Event: 60.038 Loading class java/time/InstantSource
Event: 60.038 Loading class java/time/InstantSource done
Event: 60.038 Loading class java/time/Clock done
Event: 60.038 Loading class java/time/Clock$SystemClock
Event: 60.038 Loading class java/time/Clock$SystemClock done
Event: 60.088 Loading class java/time/Instant$1
Event: 60.088 Loading class java/time/Instant$1 done

Classes unloaded (0 events):
No events

Classes redefined (0 events):
No events

Internal exceptions (20 events):
Event: 56.338 Thread 0x0000028493125e90 Exception <a 'java/lang/ClassNotFoundException'{0x0000000087612e98}: com/android/build/gradle/internal/api/ApkVariantOutputImpl_DecoratedBeanInfo> (0x0000000087612e98) 
thrown [s\src\hotspot\share\classfile\systemDictionary.cpp, line 312]
Event: 56.339 Thread 0x0000028493125e90 Exception <a 'java/lang/ClassNotFoundException'{0x0000000087620f38}: com/android/build/gradle/internal/api/ApkVariantOutputImplBeanInfo> (0x0000000087620f38) 
thrown [s\src\hotspot\share\classfile\systemDictionary.cpp, line 312]
Event: 56.340 Thread 0x0000028493125e90 Exception <a 'java/lang/ClassNotFoundException'{0x000000008762eff8}: com/android/build/gradle/internal/api/BaseVariantOutputImplBeanInfo> (0x000000008762eff8) 
thrown [s\src\hotspot\share\classfile\systemDictionary.cpp, line 312]
Event: 56.341 Thread 0x0000028493125e90 Exception <a 'java/lang/ClassNotFoundException'{0x000000008763d348}: com/android/build/gradle/internal/api/BaseVariantOutputImplCustomizer> (0x000000008763d348) 
thrown [s\src\hotspot\share\classfile\systemDictionary.cpp, line 312]
Event: 56.347 Thread 0x0000028493125e90 Exception <a 'java/lang/ClassNotFoundException'{0x000000008765d938}: com/android/build/gradle/internal/api/ApkVariantOutputImplCustomizer> (0x000000008765d938) 
thrown [s\src\hotspot\share\classfile\systemDictionary.cpp, line 312]
Event: 56.351 Thread 0x0000028493125e90 Exception <a 'java/lang/ClassNotFoundException'{0x0000000087678b20}: com/android/build/gradle/internal/api/ApkVariantOutputImpl_DecoratedCustomizer> (0x0000000087678b20) 
thrown [s\src\hotspot\share\classfile\systemDictionary.cpp, line 312]
Event: 56.624 Thread 0x0000028493125e90 Exception <a 'java/lang/ClassNotFoundException'{0x0000000086e64f00}: com/android/build/gradle/internal/api/ReadOnlyBuildTypeBeanInfo> (0x0000000086e64f00) 
thrown [s\src\hotspot\share\classfile\systemDictionary.cpp, line 312]
Event: 56.626 Thread 0x0000028493125e90 Exception <a 'java/lang/ClassNotFoundException'{0x0000000086e731f8}: com/android/build/gradle/internal/api/ReadOnlyBaseConfigBeanInfo> (0x0000000086e731f8) 
thrown [s\src\hotspot\share\classfile\systemDictionary.cpp, line 312]
Event: 56.628 Thread 0x0000028493125e90 Exception <a 'java/lang/ClassNotFoundException'{0x0000000086e817b0}: com/android/build/gradle/internal/api/ReadOnlyBaseConfigCustomizer> (0x0000000086e817b0) 
thrown [s\src\hotspot\share\classfile\systemDictionary.cpp, line 312]
Event: 56.632 Thread 0x0000028493125e90 Exception <a 'java/lang/ClassNotFoundException'{0x0000000086ea0a08}: com/android/build/gradle/internal/api/ReadOnlyBuildTypeCustomizer> (0x0000000086ea0a08) 
thrown [s\src\hotspot\share\classfile\systemDictionary.cpp, line 312]
Event: 58.217 Thread 0x0000028493125e90 Implicit null exception at 0x0000028487ffc80d to 0x0000028487ffc9b0
Event: 59.372 Thread 0x0000028493125e90 Exception <a 'java/lang/NoSuchMethodError'{0x0000000087872148}: static Lcom/android/build/gradle/internal/profile/ProjectData;.<clinit>()V> (0x0000000087872148) 
thrown [s\src\hotspot\share\prims\jni.cpp, line 1144]
Event: 59.392 Thread 0x0000028493125e90 Exception <a 'java/lang/NoSuchMethodError'{0x00000000878b1b90}: static Lcom/android/build/gradle/internal/profile/TaskMetadata;.<clinit>()V> (0x00000000878b1b90) 
thrown [s\src\hotspot\share\prims\jni.cpp, line 1144]
Event: 59.541 Thread 0x0000028493125e90 Exception <a 'sun/nio/fs/WindowsException'{0x0000000087559d90}> (0x0000000087559d90) 
thrown [s\src\hotspot\share\prims\jni.cpp, line 537]
Event: 59.631 Thread 0x00000284977dca20 Exception <a 'java/lang/NoSuchMethodError'{0x0000000087337d58}: 'java.lang.Object java.lang.invoke.DirectMethodHandle$Holder.newInvokeSpecial(java.lang.Object, java.lang.Object, int, java.lang.Object, java.lang.Object)'> (0x0000000087337d58) 
thrown [s\src\hotspot\share\interpreter\linkResolver.cpp, line 784]
Event: 59.898 Thread 0x00000284977dca20 Exception <a 'java/lang/NoSuchMethodError'{0x00000000ff719500}: 'java.lang.Object java.lang.invoke.DirectMethodHandle$Holder.invokeVirtual(java.lang.Object, java.lang.Object, java.lang.Object, java.lang.Object, java.lang.Object, java.lang.Object, java.lang.Object, java.lang.Object, java.lang.Object, java.lang.Object, java.lang.Object, java.lang.Object, java.lang.Object, java.lang.Object, java.lang.Object, java.lang.Object, java.lang.Object, java.lang.Object, java.lang.Object)'> (0x00000000ff719500) 
thrown
Event: 60.037 Thread 0x0000028497dc66b0 Exception <a 'java/lang/NoSuchMethodError'{0x00000000898b6f28}: static Ljava/lang/Object;.<clinit>()V> (0x00000000898b6f28) 
thrown [s\src\hotspot\share\prims\jni.cpp, line 1144]
Event: 60.044 Thread 0x0000028497dc66b0 Exception <a 'java/lang/NoSuchMethodError'{0x00000000898f09b0}: static Lorg/jetbrains/kotlin/gradle/plugin/statistics/MetricContainer;.<clinit>()V> (0x00000000898f09b0) 
thrown [s\src\hotspot\share\prims\jni.cpp, line 1144]
Event: 60.085 Thread 0x000002849e8983b0 Exception <a 'java/lang/IncompatibleClassChangeError'{0x0000000089693d00}: Found class java.lang.Object, but interface was expected> (0x0000000089693d00) 
thrown [s\src\hotspot\share\interpreter\linkResolver.cpp, line 851]
Event: 60.091 Thread 0x000002849e8983b0 Exception <a 'java/lang/NoSuchMethodError'{0x00000000896d03f8}: static Ljava/lang/Object;.<clinit>()V> (0x00000000896d03f8) 
thrown [s\src\hotspot\share\prims\jni.cpp, line 1144]

ZGC Phase Switch (0 events):
No events

VM Operations (20 events):
Event: 59.665 Executing VM operation: G1CollectForAllocation (G1 Evacuation Pause) done
Event: 59.849 Executing VM operation: HandshakeAllThreads (Deoptimize)
Event: 59.850 Executing VM operation: HandshakeAllThreads (Deoptimize) done
Event: 59.944 Executing VM operation: HandshakeAllThreads (Deoptimize)
Event: 59.944 Executing VM operation: HandshakeAllThreads (Deoptimize) done
Event: 59.970 Executing VM operation: HandshakeAllThreads (Deoptimize)
Event: 59.971 Executing VM operation: HandshakeAllThreads (Deoptimize) done
Event: 60.028 Executing VM operation: HandshakeAllThreads (Deoptimize)
Event: 60.028 Executing VM operation: HandshakeAllThreads (Deoptimize) done
Event: 60.056 Executing VM operation: HandshakeAllThreads (Deoptimize)
Event: 60.063 Executing VM operation: HandshakeAllThreads (Deoptimize) done
Event: 60.067 Executing VM operation: HandshakeAllThreads (Deoptimize)
Event: 60.067 Executing VM operation: HandshakeAllThreads (Deoptimize) done
Event: 60.074 Executing VM operation: HandshakeAllThreads (Deoptimize)
Event: 60.075 Executing VM operation: HandshakeAllThreads (Deoptimize) done
Event: 60.095 Executing VM operation: HandshakeAllThreads (HandshakeForDeflation)
Event: 60.095 Executing VM operation: HandshakeAllThreads (HandshakeForDeflation) done
Event: 60.095 Executing VM operation: RendezvousGCThreads
Event: 60.095 Executing VM operation: RendezvousGCThreads done
Event: 61.100 Executing VM operation: Cleanup

Memory protections (0 events):
No events

Nmethod flushes (20 events):
Event: 57.185 Thread 0x00000284ff4c75b0 flushing  nmethod 0x0000028480550890
Event: 57.185 Thread 0x00000284ff4c75b0 flushing  nmethod 0x000002848067e290
Event: 57.185 Thread 0x00000284ff4c75b0 flushing  nmethod 0x00000284807f0b90
Event: 57.185 Thread 0x00000284ff4c75b0 flushing  nmethod 0x0000028480a08990
Event: 57.185 Thread 0x00000284ff4c75b0 flushing  nmethod 0x0000028487bc6b10
Event: 57.185 Thread 0x00000284ff4c75b0 flushing  nmethod 0x0000028487c03f90
Event: 57.185 Thread 0x00000284ff4c75b0 flushing  nmethod 0x0000028487e2f210
Event: 57.185 Thread 0x00000284ff4c75b0 flushing  nmethod 0x0000028487edcc10
Event: 57.185 Thread 0x00000284ff4c75b0 flushing  nmethod 0x000002848004be10
Event: 57.185 Thread 0x00000284ff4c75b0 flushing  nmethod 0x00000284800be710
Event: 57.185 Thread 0x00000284ff4c75b0 flushing  nmethod 0x00000284801ffc90
Event: 57.185 Thread 0x00000284ff4c75b0 flushing  nmethod 0x0000028480202910
Event: 57.185 Thread 0x00000284ff4c75b0 flushing  nmethod 0x0000028480203b90
Event: 57.185 Thread 0x00000284ff4c75b0 flushing  nmethod 0x0000028480532d10
Event: 57.185 Thread 0x00000284ff4c75b0 flushing  nmethod 0x000002848068a990
Event: 57.185 Thread 0x00000284ff4c75b0 flushing  nmethod 0x000002848068b110
Event: 57.185 Thread 0x00000284ff4c75b0 flushing  nmethod 0x00000284808a5590
Event: 57.185 Thread 0x00000284ff4c75b0 flushing  nmethod 0x00000284808f1b90
Event: 57.185 Thread 0x00000284ff4c75b0 flushing  nmethod 0x0000028480df8f10
Event: 57.185 Thread 0x00000284ff4c75b0 flushing  nmethod 0x0000028480ea1c90

Events (20 events):
Event: 54.475 Thread 0x000002849d5460f0 Thread exited: 0x000002849d5460f0
Event: 55.918 Thread 0x00000284ff5371e0 Thread added: 0x000002849d89dc20
Event: 56.467 Thread 0x000002849d89dc20 Thread exited: 0x000002849d89dc20
Event: 56.607 Thread 0x00000284ff5371e0 Thread added: 0x00000284956341c0
Event: 59.552 Thread 0x0000028493125e90 Thread added: 0x00000284977dbd00
Event: 59.556 Thread 0x0000028493125e90 Thread added: 0x00000284977dc390
Event: 59.603 Thread 0x0000028493125e90 Thread added: 0x00000284977dca20
Event: 59.639 Thread 0x00000284977dca20 Thread added: 0x00000284977dd0b0
Event: 59.639 Thread 0x00000284977dca20 Thread added: 0x00000284977d9c30
Event: 59.639 Thread 0x00000284977dca20 Thread added: 0x00000284977dd740
Event: 59.640 Thread 0x00000284977dca20 Thread added: 0x00000284977dddd0
Event: 59.640 Thread 0x00000284977dca20 Thread added: 0x00000284977de460
Event: 59.641 Thread 0x00000284977dca20 Thread added: 0x00000284977deaf0
Event: 59.641 Thread 0x00000284977dca20 Thread added: 0x00000284977df180
Event: 59.641 Thread 0x00000284977dca20 Thread added: 0x000002849e8990d0
Event: 59.641 Thread 0x00000284977dca20 Thread added: 0x000002849e897d20
Event: 59.641 Thread 0x00000284977dca20 Thread added: 0x000002849e8983b0
Event: 59.641 Thread 0x00000284977dca20 Thread added: 0x000002849e898a40
Event: 59.794 Thread 0x00000284977dca20 Thread added: 0x000002849e899760
Event: 60.157 Thread 0x00000284956341c0 Thread exited: 0x00000284956341c0


Dynamic libraries:
0x00007ff689bc0000 - 0x00007ff689bca000 	C:\Program Files\Android\Android Studio\jbr\bin\java.exe
0x00007ff8dc1e0000 - 0x00007ff8dc447000 	C:\Windows\SYSTEM32\ntdll.dll
0x00007ff8da810000 - 0x00007ff8da8d9000 	C:\Windows\System32\KERNEL32.DLL
0x00007ff8d8c00000 - 0x00007ff8d8ff4000 	C:\Windows\System32\KERNELBASE.dll
0x00007ff8d9a80000 - 0x00007ff8d9bcb000 	C:\Windows\System32\ucrtbase.dll
0x00007ff8b53c0000 - 0x00007ff8b53db000 	C:\Program Files\Android\Android Studio\jbr\bin\VCRUNTIME140.dll
0x00007ff8b8670000 - 0x00007ff8b8688000 	C:\Program Files\Android\Android Studio\jbr\bin\jli.dll
0x00007ff8da170000 - 0x00007ff8da335000 	C:\Windows\System32\USER32.dll
0x00007ff8d7cb0000 - 0x00007ff8d7f43000 	C:\Windows\WinSxS\amd64_microsoft.windows.common-controls_6595b64144ccf1df_6.0.26100.8115_none_3e075c82e3354f9c\COMCTL32.dll
0x00007ff8d9130000 - 0x00007ff8d9157000 	C:\Windows\System32\win32u.dll
0x00007ff8d9f80000 - 0x00007ff8da029000 	C:\Windows\System32\msvcrt.dll
0x00007ff8daa00000 - 0x00007ff8daa2b000 	C:\Windows\System32\GDI32.dll
0x00007ff8d9000000 - 0x00007ff8d912b000 	C:\Windows\System32\gdi32full.dll
0x00007ff8d9160000 - 0x00007ff8d9203000 	C:\Windows\System32\msvcp_win.dll
0x00007ff8dab70000 - 0x00007ff8daba2000 	C:\Windows\System32\IMM32.DLL
0x00007ff8c8390000 - 0x00007ff8c839c000 	C:\Program Files\Android\Android Studio\jbr\bin\vcruntime140_1.dll
0x00007ff888b40000 - 0x00007ff888bcd000 	C:\Program Files\Android\Android Studio\jbr\bin\msvcp140.dll
0x00007fffee9e0000 - 0x00007fffef676000 	C:\Program Files\Android\Android Studio\jbr\bin\server\jvm.dll
0x00007ff8dbe70000 - 0x00007ff8dbf26000 	C:\Windows\System32\ADVAPI32.dll
0x00007ff8da030000 - 0x00007ff8da0d7000 	C:\Windows\System32\sechost.dll
0x00007ff8da8e0000 - 0x00007ff8da9f8000 	C:\Windows\System32\RPCRT4.dll
0x00007ff8dbff0000 - 0x00007ff8dc070000 	C:\Windows\System32\WS2_32.dll
0x00007ff8d8930000 - 0x00007ff8d898e000 	C:\Windows\SYSTEM32\POWRPROF.dll
0x00007ff8d15d0000 - 0x00007ff8d15db000 	C:\Windows\SYSTEM32\VERSION.dll
0x00007ff8d1590000 - 0x00007ff8d15c6000 	C:\Windows\SYSTEM32\WINMM.dll
0x00007ff8d8910000 - 0x00007ff8d8924000 	C:\Windows\SYSTEM32\UMPDC.dll
0x00007ff8d6f10000 - 0x00007ff8d6f2b000 	C:\Windows\SYSTEM32\kernel.appcore.dll
0x00007ff8c5310000 - 0x00007ff8c531a000 	C:\Program Files\Android\Android Studio\jbr\bin\jimage.dll
0x00007ff8d8380000 - 0x00007ff8d85c2000 	C:\Windows\SYSTEM32\DBGHELP.DLL
0x00007ff8db450000 - 0x00007ff8db7d2000 	C:\Windows\System32\combase.dll
0x00007ff8daa90000 - 0x00007ff8dab68000 	C:\Windows\System32\OLEAUT32.dll
0x00007ff8d8150000 - 0x00007ff8d818b000 	C:\Windows\SYSTEM32\dbgcore.DLL
0x00007ff8d9d50000 - 0x00007ff8d9df5000 	C:\Windows\System32\bcryptPrimitives.dll
0x00007ff8b5310000 - 0x00007ff8b531e000 	C:\Program Files\Android\Android Studio\jbr\bin\instrument.dll
0x00007ff8b5380000 - 0x00007ff8b53a0000 	C:\Program Files\Android\Android Studio\jbr\bin\java.dll
0x00007ff8b5320000 - 0x00007ff8b5338000 	C:\Program Files\Android\Android Studio\jbr\bin\zip.dll
0x00007ff8dac20000 - 0x00007ff8db387000 	C:\Windows\System32\SHELL32.dll
0x00007ff8d9e00000 - 0x00007ff8d9f6a000 	C:\Windows\System32\wintypes.dll
0x00007ff8d9210000 - 0x00007ff8d9a78000 	C:\Windows\System32\windows.storage.dll
0x00007ff8dc080000 - 0x00007ff8dc178000 	C:\Windows\System32\SHCORE.dll
0x00007ff8dabb0000 - 0x00007ff8dac16000 	C:\Windows\System32\shlwapi.dll
0x00007ff8d89d0000 - 0x00007ff8d89f9000 	C:\Windows\SYSTEM32\profapi.dll
0x00007ff8c5150000 - 0x00007ff8c5160000 	C:\Program Files\Android\Android Studio\jbr\bin\net.dll
0x00007ff8ceb40000 - 0x00007ff8cec6d000 	C:\Windows\SYSTEM32\WINHTTP.dll
0x00007ff8d7440000 - 0x00007ff8d74ac000 	C:\Windows\system32\mswsock.dll
0x00007ff8b5240000 - 0x00007ff8b5256000 	C:\Program Files\Android\Android Studio\jbr\bin\nio.dll
0x00007ff8c4fc0000 - 0x00007ff8c4fd0000 	C:\Program Files\Android\Android Studio\jbr\bin\verify.dll
0x00007ff8aa290000 - 0x00007ff8aa2b7000 	C:\Users\pagwa\.gradle\native\1def1411415f61bf3af743bc5b6707747c0891f09f0c88961ee8f79bc544acac\windows-amd64\native-platform.dll
0x00007ff87fc50000 - 0x00007ff87fcc8000 	C:\Users\pagwa\.gradle\native\0.2.7\x86_64-windows-gnu\gradle-fileevents.dll
0x00007ff8bdd20000 - 0x00007ff8bdd29000 	C:\Program Files\Android\Android Studio\jbr\bin\management.dll
0x00007ff8b6280000 - 0x00007ff8b628b000 	C:\Program Files\Android\Android Studio\jbr\bin\management_ext.dll
0x00007ff8db7e0000 - 0x00007ff8db7e8000 	C:\Windows\System32\PSAPI.DLL
0x00007ff8d68c0000 - 0x00007ff8d68f2000 	C:\Windows\SYSTEM32\IPHLPAPI.DLL
0x00007ff8d9f70000 - 0x00007ff8d9f7a000 	C:\Windows\System32\NSI.dll
0x00007ff8b5370000 - 0x00007ff8b5379000 	C:\Program Files\Android\Android Studio\jbr\bin\extnet.dll
0x00007ff8d85d0000 - 0x00007ff8d85eb000 	C:\Windows\SYSTEM32\CRYPTSP.dll
0x00007ff8d75b0000 - 0x00007ff8d75e9000 	C:\Windows\system32\rsaenh.dll
0x00007ff8d74b0000 - 0x00007ff8d74e3000 	C:\Windows\SYSTEM32\USERENV.dll
0x00007ff8d89a0000 - 0x00007ff8d89ca000 	C:\Windows\SYSTEM32\bcrypt.dll
0x00007ff8d7a60000 - 0x00007ff8d7a6c000 	C:\Windows\SYSTEM32\CRYPTBASE.dll
0x00007ff8d2020000 - 0x00007ff8d2028000 	C:\Windows\system32\wshunix.dll
0x00007ff8d6900000 - 0x00007ff8d6a32000 	C:\Windows\SYSTEM32\DNSAPI.dll
0x00007ff8ceb30000 - 0x00007ff8ceb3b000 	C:\Windows\System32\rasadhlp.dll
0x00007ff8d2b30000 - 0x00007ff8d2bb6000 	C:\Windows\System32\fwpuclnt.dll

JVMTI agents:
C:\Users\pagwa\.gradle\wrapper\dists\gradle-8.13-bin\5xuhj0ry160q40clulazy9h7d\gradle-8.13\lib\agents\gradle-instrumentation-agent-8.13.jar path:C:\Program Files\Android\Android Studio\jbr\bin\instrument.dll, loaded, initialized, instrumentlib options:none

dbghelp: loaded successfully - version: 4.0.5 - missing functions: none
symbol engine: initialized successfully - sym options: 0x614 - pdb path: .;C:\Program Files\Android\Android Studio\jbr\bin;C:\Windows\SYSTEM32;C:\Windows\WinSxS\amd64_microsoft.windows.common-controls_6595b64144ccf1df_6.0.26100.8115_none_3e075c82e3354f9c;C:\Program Files\Android\Android Studio\jbr\bin\server;C:\Users\pagwa\.gradle\native\1def1411415f61bf3af743bc5b6707747c0891f09f0c88961ee8f79bc544acac\windows-amd64;C:\Users\pagwa\.gradle\native\0.2.7\x86_64-windows-gnu

VM Arguments:
jvm_args: --add-opens=java.base/java.lang=ALL-UNNAMED --add-opens=java.base/java.lang.invoke=ALL-UNNAMED --add-opens=java.base/java.util=ALL-UNNAMED --add-opens=java.prefs/java.util.prefs=ALL-UNNAMED --add-exports=jdk.compiler/com.sun.tools.javac.api=ALL-UNNAMED --add-exports=jdk.compiler/com.sun.tools.javac.util=ALL-UNNAMED --add-opens=java.base/java.util=ALL-UNNAMED --add-opens=java.prefs/java.util.prefs=ALL-UNNAMED --add-opens=java.base/java.nio.charset=ALL-UNNAMED --add-opens=java.base/java.net=ALL-UNNAMED --add-opens=java.base/java.util.concurrent.atomic=ALL-UNNAMED --add-opens=java.xml/javax.xml.namespace=ALL-UNNAMED -Xmx2048m -Dfile.encoding=UTF-8 -Duser.country=FR -Duser.language=fr -Duser.variant -javaagent:C:\Users\pagwa\.gradle\wrapper\dists\gradle-8.13-bin\5xuhj0ry160q40clulazy9h7d\gradle-8.13\lib\agents\gradle-instrumentation-agent-8.13.jar 
java_command: org.gradle.launcher.daemon.bootstrap.GradleDaemon 8.13
java_class_path (initial): C:\Users\pagwa\.gradle\wrapper\dists\gradle-8.13-bin\5xuhj0ry160q40clulazy9h7d\gradle-8.13\lib\gradle-daemon-main-8.13.jar
Launcher Type: SUN_STANDARD

[Global flags]
     intx CICompilerCount                          = 4                                         {product} {ergonomic}
     uint ConcGCThreads                            = 3                                         {product} {ergonomic}
     uint G1ConcRefinementThreads                  = 10                                        {product} {ergonomic}
   size_t G1HeapRegionSize                         = 1048576                                   {product} {ergonomic}
    uintx GCDrainStackTargetSize                   = 64                                        {product} {ergonomic}
   size_t InitialHeapSize                          = 123731968                                 {product} {ergonomic}
   size_t MarkStackSize                            = 4194304                                   {product} {ergonomic}
   size_t MaxHeapSize                              = 2147483648                                {product} {command line}
   size_t MaxNewSize                               = 1287651328                                {product} {ergonomic}
   size_t MinHeapDeltaBytes                        = 1048576                                   {product} {ergonomic}
   size_t MinHeapSize                              = 8388608                                   {product} {ergonomic}
    uintx NonNMethodCodeHeapSize                   = 5839372                                {pd product} {ergonomic}
    uintx NonProfiledCodeHeapSize                  = 122909434                              {pd product} {ergonomic}
    uintx ProfiledCodeHeapSize                     = 122909434                              {pd product} {ergonomic}
    uintx ReservedCodeCacheSize                    = 251658240                              {pd product} {ergonomic}
     bool SegmentedCodeCache                       = true                                      {product} {ergonomic}
   size_t SoftMaxHeapSize                          = 2147483648                             {manageable} {ergonomic}
     bool UseCompressedOops                        = true                           {product lp64_product} {ergonomic}
     bool UseG1GC                                  = true                                      {product} {ergonomic}
     bool UseLargePagesIndividualAllocation        = false                                  {pd product} {ergonomic}

Logging:
Log output configuration:
 #0: stdout all=warning uptime,level,tags foldmultilines=false
 #1: stderr all=off uptime,level,tags foldmultilines=false

Environment Variables:
JAVA_HOME=C:\Program Files\Android\Android Studio\jbr
PATH=C:\Program Files\Common Files\Oracle\Java\javapath;C:\Program Files\Python313\Scripts\;C:\Program Files\Python313\;C:\Windows\system32;C:\Windows;C:\Windows\System32\Wbem;C:\Windows\System32\WindowsPowerShell\v1.0\;C:\Windows\System32\OpenSSH\;C:\Program Files\Git\cmd;C:\apache-maven-3.9.14\bin;C:\MinGW\bin;C:\Users\pagwa\AppData\Local\Programs\Microsoft VS Code\bin;C:\Program Files\JetBrains\PyCharm 2025.1.1.1\bin;c:\MinGW\bin;C:\Users\pagwa\AppData\Local\JetBrains\Toolbox\scripts;C:\Users\pagwa\AppData\Local\GitHubDesktop\bin
USERNAME=pagwa
OS=Windows_NT
PROCESSOR_IDENTIFIER=AMD64 Family 23 Model 104 Stepping 1, AuthenticAMD
TMP=C:\Users\pagwa\AppData\Local\Temp
TEMP=C:\Users\pagwa\AppData\Local\Temp




Periodic native trim disabled

JNI global refs:
JNI global refs: 27, weak refs: 0

JNI global refs memory usage: 835, weak refs: 201

Process memory usage:
Resident Set Size: 349240K (4% of 7694920K total physical memory with 287024K free physical memory)

OOME stack traces (most recent first):
Classloader memory used:
Loader org.gradle.internal.classloader.VisitableURLClassLoader                         : 42206K
Loader bootstrap                                                                       : 31922K
Loader org.gradle.internal.classloader.VisitableURLClassLoader$InstrumentingVisitableURLClassLoader: 28518K
Loader org.gradle.initialization.MixInLegacyTypesClassLoader                           : 11038K
Loader jdk.internal.loader.ClassLoaders$PlatformClassLoader                            : 845K
Loader org.gradle.internal.classloader.VisitableURLClassLoader                         : 307K
Loader jdk.internal.loader.ClassLoaders$AppClassLoader                                 : 235K
Loader jdk.internal.reflect.DelegatingClassLoader                                      : 224K
Loader sun.reflect.misc.MethodUtil                                                     : 2984B

Classes loaded by more than one classloader:
Class Program                                                                         : loaded 5 times (x 72B)
Class Build_gradle                                                                    : loaded 3 times (x 130B)
Class Build_gradle$1                                                                  : loaded 3 times (x 75B)
Class org.gradle.internal.classloader.FilteringClassLoader                            : loaded 2 times (x 105B)
Class com.google.common.base.CharMatcher$IsEither                                     : loaded 2 times (x 111B)
Class org.gradle.internal.classloader.ClassLoaderHierarchy                            : loaded 2 times (x 70B)
Class com.google.common.collect.ImmutableEnumSet                                      : loaded 2 times (x 146B)
Class com.google.common.util.concurrent.ExecutionError                                : loaded 2 times (x 82B)
Class com.google.common.collect.ImmutableList$1                                       : loaded 2 times (x 97B)
Class org.gradle.api.internal.classpath.ManifestUtil                                  : loaded 2 times (x 71B)
Class com.google.common.collect.RegularImmutableMap                                   : loaded 2 times (x 121B)
Class com.google.common.collect.ImmutableMap$MapViewOfValuesAsSingletonSets           : loaded 2 times (x 126B)
Class com.google.common.reflect.TypeCapture                                           : loaded 2 times (x 71B)
Class [Lorg.objectweb.asm.Symbol;                                                     : loaded 2 times (x 69B)
Class org.objectweb.asm.ClassVisitor                                                  : loaded 2 times (x 88B)
Class com.google.common.collect.UnmodifiableListIterator                              : loaded 2 times (x 95B)
Class com.google.common.base.Platform$JdkPatternCompiler                              : loaded 2 times (x 75B)
Class org.objectweb.asm.MethodTooLargeException                                       : loaded 2 times (x 83B)
Class [Lcom.google.common.cache.CacheBuilder$OneWeigher;                              : loaded 2 times (x 69B)
Class com.google.common.base.Suppliers                                                : loaded 2 times (x 71B)
Class org.gradle.internal.classloader.DefaultClassLoaderFactory                       : loaded 2 times (x 82B)
Class org.gradle.internal.classloader.ClassLoaderVisitor                              : loaded 2 times (x 76B)
Class [Lcom.google.common.collect.ImmutableMapEntry;                                  : loaded 2 times (x 69B)
Class org.gradle.api.internal.classpath.EffectiveClassPath                            : loaded 2 times (x 90B)
Class com.google.common.collect.ImmutableRangeSet                                     : loaded 2 times (x 115B)
Class com.google.common.collect.ListMultimap                                          : loaded 2 times (x 70B)
Class com.google.common.collect.ImmutableEnumMap                                      : loaded 2 times (x 126B)
Class com.google.common.collect.Sets$1                                                : loaded 2 times (x 139B)
Class org.objectweb.asm.AnnotationVisitor                                             : loaded 2 times (x 78B)
Class org.gradle.api.internal.DefaultClassPathProvider                                : loaded 2 times (x 76B)
Class com.google.common.collect.Sets$2                                                : loaded 2 times (x 139B)
Class [Lorg.gradle.api.internal.ClassPathProvider;                                    : loaded 2 times (x 69B)
Class org.gradle.api.internal.ClassPathProvider                                       : loaded 2 times (x 70B)
Class com.google.common.reflect.Types$ClassOwnership$1                                : loaded 2 times (x 80B)
Class [Lorg.objectweb.asm.AnnotationVisitor;                                          : loaded 2 times (x 69B)
Class com.google.common.collect.Sets$3                                                : loaded 2 times (x 139B)
Class com.google.common.util.concurrent.AbstractFuture$SafeAtomicHelper               : loaded 2 times (x 79B)
Class com.google.common.cache.LocalCache$LocalLoadingCache                            : loaded 2 times (x 134B)
Class org.gradle.internal.service.UnknownServiceException                             : loaded 2 times (x 83B)
Class com.google.common.reflect.Types$ClassOwnership$2                                : loaded 2 times (x 80B)
Class com.google.common.reflect.TypeResolver                                          : loaded 2 times (x 72B)
Class com.google.common.collect.Sets$4                                                : loaded 2 times (x 139B)
Class org.objectweb.asm.ModuleVisitor                                                 : loaded 2 times (x 81B)
Class com.google.common.cache.LocalCache$Strength$1                                   : loaded 2 times (x 81B)
Class com.google.common.reflect.Types$ClassOwnership$3                                : loaded 2 times (x 71B)
Class com.google.common.util.concurrent.SettableFuture                                : loaded 2 times (x 114B)
Class com.google.common.cache.LocalCache$Strength$2                                   : loaded 2 times (x 81B)
Class com.google.common.cache.LocalCache$Strength$3                                   : loaded 2 times (x 81B)
Class com.google.common.collect.MapDifference                                         : loaded 2 times (x 70B)
Class com.google.common.reflect.Invokable                                             : loaded 2 times (x 103B)
Class org.objectweb.asm.FieldWriter                                                   : loaded 2 times (x 78B)
Class com.google.common.cache.CacheBuilder$NullListener                               : loaded 2 times (x 82B)
Class org.gradle.internal.classpath.TransformedClassPath                              : loaded 2 times (x 96B)
Class org.gradle.internal.classloader.InstrumentingClassLoader                        : loaded 2 times (x 70B)
Class com.google.common.reflect.Types$ParameterizedTypeImpl                           : loaded 2 times (x 81B)
Class com.google.common.collect.ImmutableRangeSet$AsSet                               : loaded 2 times (x 300B)
Class com.google.common.cache.CacheLoader$FunctionToCacheLoader                       : loaded 2 times (x 75B)
Class com.google.common.collect.Iterators$ArrayItr                                    : loaded 2 times (x 97B)
Class com.google.common.collect.ImmutableCollection$Builder                           : loaded 2 times (x 76B)
Class com.google.common.reflect.TypeResolver$TypeVariableKey                          : loaded 2 times (x 72B)
Class com.google.common.base.Joiner                                                   : loaded 2 times (x 79B)
Class com.google.common.base.MoreObjects                                              : loaded 2 times (x 71B)
Class com.google.common.collect.Platform                                              : loaded 2 times (x 71B)
Class [Lorg.objectweb.asm.Type;                                                       : loaded 2 times (x 69B)
Class com.google.common.collect.UnmodifiableIterator                                  : loaded 2 times (x 80B)
Class org.gradle.internal.service.ServiceLocator                                      : loaded 2 times (x 70B)
Class com.google.common.collect.SingletonImmutableBiMap                               : loaded 2 times (x 143B)
Class com.google.common.base.Ascii                                                    : loaded 2 times (x 71B)
Class com.google.common.cache.LocalCache$1                                            : loaded 2 times (x 89B)
Class com.google.common.collect.AbstractMapEntry                                      : loaded 2 times (x 81B)
Class com.google.common.reflect.TypeToken$SimpleTypeToken                             : loaded 2 times (x 73B)
Class com.google.common.collect.Sets$ImprovedAbstractSet                              : loaded 2 times (x 135B)
Class com.google.common.collect.ImmutableList$Builder                                 : loaded 2 times (x 77B)
Class com.google.common.collect.AbstractMultimap                                      : loaded 2 times (x 123B)
Class com.google.common.cache.LocalCache$2                                            : loaded 2 times (x 142B)
Class com.google.common.collect.ImmutableRangeSet$1                                   : loaded 2 times (x 210B)
Class com.google.common.util.concurrent.AbstractFuture$UnsafeAtomicHelper$1           : loaded 2 times (x 76B)
Class com.google.common.collect.RegularImmutableAsList                                : loaded 2 times (x 217B)
Class com.google.common.collect.Range                                                 : loaded 2 times (x 87B)
Class com.google.common.util.concurrent.AbstractFuture$Trusted                        : loaded 2 times (x 70B)
Class com.google.common.collect.Iterators                                             : loaded 2 times (x 71B)
Class com.google.common.collect.Lists$StringAsImmutableList                           : loaded 2 times (x 207B)
Class com.google.common.util.concurrent.UncheckedExecutionException                   : loaded 2 times (x 82B)
Class org.gradle.kotlin.dsl.VersionCatalogAccessorsKt                                 : loaded 2 times (x 71B)
Class org.gradle.internal.InternalTransformer                                         : loaded 2 times (x 70B)
Class com.google.common.collect.AbstractMapBasedMultimap$KeySet$1                     : loaded 2 times (x 82B)
Class org.objectweb.asm.ClassWriter                                                   : loaded 2 times (x 106B)
Class com.google.common.base.CharMatcher$And                                          : loaded 2 times (x 112B)
Class com.google.common.cache.CacheLoader$UnsupportedLoadingOperationException        : loaded 2 times (x 82B)
Class org.gradle.internal.classloader.ClasspathUtil$1                                 : loaded 2 times (x 76B)
Class com.google.common.base.Objects                                                  : loaded 2 times (x 71B)
Class org.objectweb.asm.FieldVisitor                                                  : loaded 2 times (x 77B)
Class com.google.common.collect.IndexedImmutableSet                                   : loaded 2 times (x 152B)
Class com.google.common.collect.BiMap                                                 : loaded 2 times (x 70B)
Class com.google.common.collect.ImmutableMap$1                                        : loaded 2 times (x 81B)
Class org.gradle.api.internal.classpath.DefaultModuleRegistry$DefaultModule           : loaded 2 times (x 86B)
Class com.google.common.reflect.Reflection                                            : loaded 2 times (x 71B)
Class com.google.common.primitives.Ints                                               : loaded 2 times (x 71B)
Class com.google.common.collect.AbstractIterator                                      : loaded 2 times (x 82B)
Class com.google.common.collect.ObjectArrays                                          : loaded 2 times (x 71B)
Class com.google.common.collect.Multiset                                              : loaded 2 times (x 70B)
Class com.google.common.collect.RegularImmutableMap$KeySet                            : loaded 2 times (x 152B)
Class com.google.common.collect.AbstractIndexedListIterator                           : loaded 2 times (x 96B)
Class com.google.common.math.MathPreconditions                                        : loaded 2 times (x 71B)
Class com.google.common.collect.ImmutableMapEntrySet                                  : loaded 2 times (x 152B)
Class org.gradle.api.internal.classpath.Module                                        : loaded 2 times (x 70B)
Class com.google.common.cache.Weigher                                                 : loaded 2 times (x 70B)
Class org.gradle.api.internal.classpath.UnknownModuleException                        : loaded 2 times (x 82B)
Class com.google.common.base.Stopwatch                                                : loaded 2 times (x 72B)
Class com.google.common.cache.LocalCache$Strength                                     : loaded 2 times (x 81B)
Class com.google.common.cache.Cache                                                   : loaded 2 times (x 70B)
Class com.google.common.util.concurrent.AbstractFuture$Cancellation                   : loaded 2 times (x 72B)
Class com.google.common.collect.ImmutableMap$Builder                                  : loaded 2 times (x 82B)
Class com.google.common.cache.RemovalListener                                         : loaded 2 times (x 70B)
Class org.gradle.api.internal.DefaultClassPathRegistry                                : loaded 2 times (x 76B)
Class com.google.common.reflect.Invokable$ConstructorInvokable                        : loaded 2 times (x 107B)
Class com.google.common.primitives.IntsMethodsForWeb                                  : loaded 2 times (x 71B)
Class com.google.common.collect.Multimap                                              : loaded 2 times (x 70B)
Class org.gradle.api.internal.ClassPathRegistry                                       : loaded 2 times (x 70B)
Class org.gradle.internal.classpath.DefaultClassPath$ImmutableUniqueList              : loaded 2 times (x 199B)
Class com.google.common.reflect.TypeToken                                             : loaded 2 times (x 73B)
Class com.google.common.base.ExtraObjectsMethodsForWeb                                : loaded 2 times (x 71B)
Class com.google.common.base.PairwiseEquivalence                                      : loaded 2 times (x 83B)
Class com.google.common.cache.CacheBuilder                                            : loaded 2 times (x 72B)
Class com.google.common.collect.SingletonImmutableList                                : loaded 2 times (x 207B)
Class Settings_gradle$1                                                               : loaded 2 times (x 75B)
Class org.gradle.internal.classpath.ClassPath                                         : loaded 2 times (x 70B)
Class org.gradle.api.UncheckedIOException                                             : loaded 2 times (x 82B)
Class [Lcom.google.common.reflect.Types$JavaVersion;                                  : loaded 2 times (x 69B)
Class com.google.common.base.JdkPattern                                               : loaded 2 times (x 75B)
Class com.google.common.collect.ImmutableList$ReverseImmutableList                    : loaded 2 times (x 209B)
Class org.objectweb.asm.SymbolTable$Entry                                             : loaded 2 times (x 74B)
Class com.google.common.util.concurrent.AbstractFuture$AtomicHelper                   : loaded 2 times (x 78B)
Class org.objectweb.asm.Edge                                                          : loaded 2 times (x 72B)
Class com.google.common.base.Suppliers$SupplierOfInstance                             : loaded 2 times (x 79B)
Class com.google.common.collect.Iterators$1                                           : loaded 2 times (x 81B)
Class com.google.common.reflect.TypeToken$1                                           : loaded 2 times (x 110B)
Class com.google.common.cache.LocalCache$ComputingValueReference                      : loaded 2 times (x 96B)
Class com.google.common.collect.SingletonImmutableSet                                 : loaded 2 times (x 146B)
Class com.google.common.collect.ImmutableMap$IteratorBasedImmutableMap                : loaded 2 times (x 126B)
Class com.google.common.reflect.TypeToken$2                                           : loaded 2 times (x 110B)
Class com.google.common.cache.LocalCache$Segment                                      : loaded 2 times (x 154B)
Class com.google.common.collect.SortedIterable                                        : loaded 2 times (x 70B)
Class com.google.common.collect.AbstractListMultimap                                  : loaded 2 times (x 172B)
Class [Lorg.objectweb.asm.SymbolTable$Entry;                                          : loaded 2 times (x 69B)
Class com.google.common.cache.CacheLoader                                             : loaded 2 times (x 74B)
Class com.google.common.collect.Iterators$4                                           : loaded 2 times (x 82B)
Class com.google.common.collect.ImmutableBiMap                                        : loaded 2 times (x 143B)
Class org.gradle.internal.installation.GradleInstallation$1                           : loaded 2 times (x 75B)
Class org.gradle.api.internal.classpath.ModuleRegistry                                : loaded 2 times (x 70B)
Class com.google.common.util.concurrent.internal.InternalFutureFailureAccess          : loaded 2 times (x 72B)
Class com.google.common.collect.Iterators$5                                           : loaded 2 times (x 82B)
Class com.google.common.collect.ImmutableSet$JdkBackedSetBuilderImpl                  : loaded 2 times (x 76B)
Class com.google.common.util.concurrent.AbstractFuture$UnsafeAtomicHelper             : loaded 2 times (x 78B)
Class com.google.common.base.CharMatcher$ForPredicate                                 : loaded 2 times (x 112B)
Class com.google.common.cache.LocalCache$LocalManualCache$1                           : loaded 2 times (x 75B)
Class com.google.common.base.CharMatcher$AnyOf                                        : loaded 2 times (x 112B)
Class com.google.common.collect.ImmutableCollection                                   : loaded 2 times (x 125B)
Class org.gradle.api.internal.classpath.DefaultModuleRegistry                         : loaded 2 times (x 86B)
Class com.google.common.collect.Lists                                                 : loaded 2 times (x 71B)
Class com.google.common.util.concurrent.ListenableFuture                              : loaded 2 times (x 70B)
Class com.google.common.cache.ReferenceEntry                                          : loaded 2 times (x 70B)
Class com.google.common.base.Converter                                                : loaded 2 times (x 90B)
Class com.google.common.collect.ImmutableSet$CachingAsList                            : loaded 2 times (x 148B)
Class com.google.common.collect.AbstractMapBasedMultimap                              : loaded 2 times (x 139B)
Class com.google.common.util.concurrent.AbstractFuture                                : loaded 2 times (x 106B)
Class com.google.common.base.FunctionalEquivalence                                    : loaded 2 times (x 83B)
Class com.google.common.collect.Iterators$9                                           : loaded 2 times (x 81B)
Class com.google.common.collect.ImmutableAsList                                       : loaded 2 times (x 209B)
Class com.google.common.reflect.TypeResolver$TypeTable                                : loaded 2 times (x 73B)
Class org.objectweb.asm.RecordComponentVisitor                                        : loaded 2 times (x 77B)
Class com.google.common.cache.CacheLoader$SupplierToCacheLoader                       : loaded 2 times (x 75B)
Class com.google.common.reflect.TypeResolver$TypeTable$1                              : loaded 2 times (x 73B)
Class com.google.common.collect.Maps$EntryTransformer                                 : loaded 2 times (x 70B)
Class org.gradle.internal.service.ServiceLookupException                              : loaded 2 times (x 82B)
Class com.google.common.collect.ImmutableSortedSet                                    : loaded 2 times (x 300B)
Class [Lcom.google.common.cache.LocalCache$EntryFactory;                              : loaded 2 times (x 69B)
Class org.gradle.internal.classloader.ClassLoaderFactory                              : loaded 2 times (x 70B)
Class com.google.common.base.CommonPattern                                            : loaded 2 times (x 74B)
Class com.google.common.base.CharMatcher$IsNot                                        : loaded 2 times (x 111B)
Class com.google.common.cache.LocalCache$LocalManualCache                             : loaded 2 times (x 99B)
Class org.gradle.internal.service.CachingServiceLocator                               : loaded 2 times (x 82B)
Class com.google.common.collect.AbstractMapBasedMultimap$KeySet                       : loaded 2 times (x 137B)
Class com.google.common.collect.RegularImmutableSortedSet                             : loaded 2 times (x 300B)
Class com.google.common.math.IntMath                                                  : loaded 2 times (x 71B)
Class com.google.common.reflect.Types$TypeVariableInvocationHandler                   : loaded 2 times (x 75B)
Class com.google.common.collect.ImmutableMapEntry                                     : loaded 2 times (x 85B)
Class com.google.common.base.Equivalence                                              : loaded 2 times (x 82B)
Class com.google.common.base.Function                                                 : loaded 2 times (x 70B)
Class com.google.common.collect.ImmutableMapEntry$NonTerminalImmutableMapEntry        : loaded 2 times (x 85B)
Class com.google.common.collect.IndexedImmutableSet$1                                 : loaded 2 times (x 213B)
Class com.google.common.cache.CacheBuilder$OneWeigher                                 : loaded 2 times (x 82B)
Class com.google.common.collect.RegularImmutableList                                  : loaded 2 times (x 213B)
Class com.google.common.reflect.Types$ClassOwnership$1LocalClass                      : loaded 2 times (x 71B)
Class org.gradle.internal.classloader.ClasspathUtil                                   : loaded 2 times (x 71B)
Class com.google.common.base.Charsets                                                 : loaded 2 times (x 71B)
Class com.google.common.util.concurrent.Uninterruptibles                              : loaded 2 times (x 71B)
Class com.google.common.collect.Maps                                                  : loaded 2 times (x 71B)
Class org.gradle.api.specs.Spec                                                       : loaded 2 times (x 70B)
Class com.google.common.reflect.Types$JavaVersion                                     : loaded 2 times (x 83B)
Class [Lcom.google.common.collect.ImmutableEntry;                                     : loaded 2 times (x 69B)
Class com.google.common.cache.LocalCache$LoadingValueReference                        : loaded 2 times (x 96B)
Class com.google.common.collect.ArrayListMultimapGwtSerializationDependencies         : loaded 2 times (x 172B)
Class com.google.common.reflect.Invokable$MethodInvokable                             : loaded 2 times (x 107B)
Class com.google.common.base.Platform                                                 : loaded 2 times (x 71B)
Class [Lorg.objectweb.asm.AnnotationWriter;                                           : loaded 2 times (x 69B)
Class com.google.common.collect.Maps$8                                                : loaded 2 times (x 82B)
Class com.google.common.collect.ImmutableRangeSet$Builder                             : loaded 2 times (x 77B)
Class com.google.common.collect.Sets$SetView                                          : loaded 2 times (x 138B)
Class com.google.common.cache.LocalCache$StrongValueReference                         : loaded 2 times (x 90B)
Class com.google.common.util.concurrent.AbstractFuture$SynchronizedHelper             : loaded 2 times (x 78B)
Class org.objectweb.asm.Type                                                          : loaded 2 times (x 72B)
Class org.gradle.internal.classloader.VisitableURLClassLoader$InstrumentingVisitableURLClassLoader: loaded 2 times (x 123B)
Class org.objectweb.asm.ByteVector                                                    : loaded 2 times (x 79B)
Class [Lcom.google.common.cache.CacheBuilder$NullListener;                            : loaded 2 times (x 69B)
Class com.google.common.math.IntMath$1                                                : loaded 2 times (x 71B)
Class org.gradle.internal.classloader.VisitableURLClassLoader$Spec                    : loaded 2 times (x 74B)
Class org.gradle.internal.classpath.DefaultClassPath                                  : loaded 2 times (x 90B)
Class com.google.common.reflect.Types$ClassOwnership                                  : loaded 2 times (x 80B)
Class org.objectweb.asm.Symbol                                                        : loaded 2 times (x 73B)
Class com.google.common.base.CharMatcher$Ascii                                        : loaded 2 times (x 112B)
Class com.google.common.base.CharMatcher$BitSetMatcher                                : loaded 2 times (x 112B)
Class com.google.common.collect.ImmutableSet                                          : loaded 2 times (x 145B)
Class com.google.common.collect.RegularImmutableMap$Values                            : loaded 2 times (x 207B)
Class org.gradle.internal.classloader.ClassLoaderSpec                                 : loaded 2 times (x 71B)
Class org.objectweb.asm.AnnotationWriter                                              : loaded 2 times (x 79B)
Class com.google.common.cache.CacheStats                                              : loaded 2 times (x 71B)
Class org.objectweb.asm.RecordComponentWriter                                         : loaded 2 times (x 78B)
Class com.google.common.util.concurrent.AbstractFuture$Listener                       : loaded 2 times (x 72B)
Class com.google.common.base.CharMatcher$Or                                           : loaded 2 times (x 112B)
Class Settings_gradle$1$1                                                             : loaded 2 times (x 75B)
Class org.objectweb.asm.Attribute                                                     : loaded 2 times (x 77B)
Class com.google.common.base.Supplier                                                 : loaded 2 times (x 70B)
Class org.gradle.internal.classloader.VisitableURLClassLoader                         : loaded 2 times (x 117B)
Class com.google.common.util.concurrent.AbstractFuture$Waiter                         : loaded 2 times (x 72B)
Class Settings_gradle                                                                 : loaded 2 times (x 128B)
Class org.gradle.internal.Cast                                                        : loaded 2 times (x 71B)
Class org.gradle.api.Action                                                           : loaded 2 times (x 70B)
Class com.google.common.base.Strings                                                  : loaded 2 times (x 71B)
Class com.google.common.collect.Sets                                                  : loaded 2 times (x 71B)
Class org.objectweb.asm.Handler                                                       : loaded 2 times (x 72B)
Class com.google.common.base.CharMatcher$FastMatcher                                  : loaded 2 times (x 111B)
Class com.google.common.base.Ticker                                                   : loaded 2 times (x 72B)
Class [Lcom.google.common.cache.LocalCache$Segment;                                   : loaded 2 times (x 69B)
Class com.google.common.base.Predicate                                                : loaded 2 times (x 70B)
Class [Lcom.google.common.cache.LocalCache$Strength;                                  : loaded 2 times (x 69B)
Class com.google.common.cache.CacheBuilder$1                                          : loaded 2 times (x 85B)
Class com.google.common.collect.ImmutableMap                                          : loaded 2 times (x 120B)
Class org.gradle.internal.classpath.DefaultClassPath$ImmutableUniqueList$Builder      : loaded 2 times (x 75B)
Class com.google.common.collect.AbstractRangeSet                                      : loaded 2 times (x 114B)
Class com.google.common.base.CharMatcher$NegatedFastMatcher                           : loaded 2 times (x 113B)
Class com.google.common.cache.LocalCache                                              : loaded 2 times (x 187B)
Class com.google.common.cache.CacheBuilder$2                                          : loaded 2 times (x 79B)
Class com.google.common.collect.ArrayListMultimap                                     : loaded 2 times (x 172B)
Class com.google.common.cache.CacheBuilder$3                                          : loaded 2 times (x 72B)
Class [Lcom.google.common.collect.AbstractMapEntry;                                   : loaded 2 times (x 69B)
Class com.google.common.collect.ImmutableEntry                                        : loaded 2 times (x 82B)
Class org.gradle.api.GradleException                                                  : loaded 2 times (x 82B)
Class com.google.common.collect.CollectPreconditions                                  : loaded 2 times (x 71B)
Class com.google.common.collect.SortedMapDifference                                   : loaded 2 times (x 70B)
Class com.google.common.cache.LocalCache$EntryFactory                                 : loaded 2 times (x 83B)
Class com.google.common.reflect.Types$NativeTypeVariableEquals                        : loaded 2 times (x 71B)
Class com.google.common.reflect.TypeParameter                                         : loaded 2 times (x 72B)
Class com.google.common.cache.LocalCache$AbstractReferenceEntry                       : loaded 2 times (x 107B)
Class org.gradle.internal.IoActions                                                   : loaded 2 times (x 71B)
Class com.google.common.collect.ImmutableRangeSet$ComplementRanges                    : loaded 2 times (x 207B)
Class org.objectweb.asm.SymbolTable                                                   : loaded 2 times (x 72B)
Class com.google.common.cache.CacheLoader$InvalidCacheLoadException                   : loaded 2 times (x 82B)
Class com.google.common.collect.ImmutableSet$RegularSetBuilderImpl                    : loaded 2 times (x 77B)
Class org.gradle.internal.classloader.SystemClassLoaderSpec                           : loaded 2 times (x 71B)
Class com.google.common.cache.LocalCache$StrongEntry                                  : loaded 2 times (x 108B)
Class com.google.common.util.concurrent.AbstractFuture$TrustedFuture                  : loaded 2 times (x 114B)
Class com.google.common.cache.LoadingCache                                            : loaded 2 times (x 70B)
Class org.objectweb.asm.MethodWriter                                                  : loaded 2 times (x 106B)
Class [Lcom.google.common.cache.Weigher;                                              : loaded 2 times (x 69B)
Class com.google.common.collect.RegularImmutableMap$BucketOverflowException           : loaded 2 times (x 82B)
Class com.google.common.reflect.Types$JavaVersion$1                                   : loaded 2 times (x 83B)
Class com.google.common.collect.RegularImmutableBiMap                                 : loaded 2 times (x 149B)
Class com.google.common.base.CharMatcher$Is                                           : loaded 2 times (x 111B)
Class com.google.common.base.CharMatcher$Negated                                      : loaded 2 times (x 113B)
Class com.google.common.cache.LocalCache$ValueReference                               : loaded 2 times (x 70B)
Class com.google.common.reflect.Types$JavaVersion$2                                   : loaded 2 times (x 83B)
Class com.google.common.reflect.Types                                                 : loaded 2 times (x 71B)
Class com.google.common.base.PatternCompiler                                          : loaded 2 times (x 70B)
Class com.google.common.util.concurrent.AbstractFuture$Failure                        : loaded 2 times (x 72B)
Class com.google.common.base.Equivalence$Equals                                       : loaded 2 times (x 82B)
Class com.google.common.collect.Hashing                                               : loaded 2 times (x 71B)
Class com.google.common.base.Preconditions                                            : loaded 2 times (x 71B)
Class com.google.common.reflect.Types$JavaVersion$3                                   : loaded 2 times (x 83B)
Class com.google.common.base.Joiner$1                                                 : loaded 2 times (x 80B)
Class org.objectweb.asm.Label                                                         : loaded 2 times (x 73B)
Class org.objectweb.asm.CurrentFrame                                                  : loaded 2 times (x 73B)
Class org.objectweb.asm.ClassTooLargeException                                        : loaded 2 times (x 83B)
Class com.google.common.base.CharMatcher                                              : loaded 2 times (x 111B)
Class com.google.common.collect.PeekingIterator                                       : loaded 2 times (x 70B)
Class com.google.common.reflect.Types$JavaVersion$4                                   : loaded 2 times (x 83B)
Class com.google.common.collect.RangeGwtSerializationDependencies                     : loaded 2 times (x 71B)
Class com.google.common.base.Joiner$2                                                 : loaded 2 times (x 79B)
Class org.objectweb.asm.Frame                                                         : loaded 2 times (x 73B)
Class org.objectweb.asm.MethodVisitor                                                 : loaded 2 times (x 105B)
Class com.google.common.base.CharMatcher$1                                            : loaded 2 times (x 113B)
Class com.google.common.base.CharMatcher$NamedFastMatcher                             : loaded 2 times (x 112B)
Class com.google.common.cache.LocalCache$EntryFactory$1                               : loaded 2 times (x 83B)
Class [Lcom.google.common.cache.RemovalListener;                                      : loaded 2 times (x 69B)
Class com.google.common.reflect.Types$JavaVersion$5                                   : loaded 2 times (x 71B)
Class [Lcom.google.common.reflect.Types$ClassOwnership;                               : loaded 2 times (x 69B)
Class com.google.common.collect.RangeSet                                              : loaded 2 times (x 70B)
Class com.google.common.cache.LocalCache$EntryFactory$2                               : loaded 2 times (x 83B)
Class org.gradle.api.internal.classpath.GlobalCacheRootsProvider                      : loaded 2 times (x 70B)
Class com.google.common.collect.CollectCollectors                                     : loaded 2 times (x 71B)
Class org.objectweb.asm.ModuleWriter                                                  : loaded 2 times (x 82B)
Class com.google.common.cache.LocalCache$EntryFactory$3                               : loaded 2 times (x 83B)
Class com.google.common.base.Ticker$1                                                 : loaded 2 times (x 72B)
Class com.google.common.collect.Maps$BiMapConverter                                   : loaded 2 times (x 90B)
Class com.google.common.collect.ImmutableMapEntrySet$RegularEntrySet                  : loaded 2 times (x 152B)
Class com.google.common.base.CharMatcher$InRange                                      : loaded 2 times (x 111B)
Class com.google.common.cache.LocalCache$EntryFactory$4                               : loaded 2 times (x 83B)
Class com.google.common.collect.ImmutableSet$Builder                                  : loaded 2 times (x 85B)
Class Settings_gradle$1$1$1                                                           : loaded 2 times (x 75B)
Class com.google.common.cache.LocalCache$EntryFactory$5                               : loaded 2 times (x 83B)
Class com.google.common.base.Equivalence$Identity                                     : loaded 2 times (x 82B)
Class com.google.common.cache.LocalCache$EntryFactory$6                               : loaded 2 times (x 83B)
Class org.gradle.internal.installation.CurrentGradleInstallationLocator               : loaded 2 times (x 71B)
Class com.google.common.collect.Maps$KeySet                                           : loaded 2 times (x 137B)
Class com.google.common.cache.LocalCache$EntryFactory$7                               : loaded 2 times (x 83B)
Class com.google.common.collect.ImmutableSet$EmptySetBuilderImpl                      : loaded 2 times (x 76B)
Class com.google.common.collect.ImmutableList                                         : loaded 2 times (x 206B)
Class org.gradle.internal.service.DefaultServiceLocator                               : loaded 2 times (x 83B)
Class com.google.common.cache.LocalCache$EntryFactory$8                               : loaded 2 times (x 83B)
Class com.google.common.collect.ImmutableSet$SetBuilderImpl                           : loaded 2 times (x 76B)
Class org.gradle.internal.installation.CurrentGradleInstallation                      : loaded 2 times (x 73B)
Class com.google.common.cache.CacheLoader$1                                           : loaded 2 times (x 75B)
Class com.google.common.collect.ImmutableList$SubList                                 : loaded 2 times (x 209B)
Class org.gradle.util.internal.GUtil                                                  : loaded 2 times (x 71B)
Class com.google.common.util.concurrent.AbstractFuture$SetFuture                      : loaded 2 times (x 75B)
Class com.google.common.cache.AbstractCache$StatsCounter                              : loaded 2 times (x 70B)
Class com.google.common.reflect.Types$TypeVariableImpl                                : loaded 2 times (x 72B)
Class com.google.common.collect.Iterators$MergingIterator                             : loaded 2 times (x 81B)
Class com.google.common.collect.RegularImmutableSet                                   : loaded 2 times (x 149B)
Class org.gradle.internal.installation.GradleInstallation                             : loaded 2 times (x 75B)
Class com.google.common.collect.Iterables                                             : loaded 2 times (x 71B)

---------------  S Y S T E M  ---------------

OS:
 Windows 11 , 64 bit Build 26100 (10.0.26100.8246)
OS uptime: 3 days 3:42 hours
Hyper-V role detected

CPU: total 12 (initial active 12) (12 cores per cpu, 2 threads per core) family 23 model 104 stepping 1 microcode 0x8608108, cx8, cmov, fxsr, ht, mmx, 3dnowpref, sse, sse2, sse3, ssse3, sse4a, sse4.1, sse4.2, popcnt, lzcnt, tsc, tscinvbit, avx, avx2, aes, clmul, bmi1, bmi2, adx, sha, fma, vzeroupper, clflush, clflushopt, hv, rdtscp, rdpid, f16c
Processor Information for the first 12 processors :
  Max Mhz: 2100, Current Mhz: 1988, Mhz Limit: 2100

Memory: 4k page, system-wide physical 7514M (270M free)
TotalPageFile size 31066M (AvailPageFile size 76M)
current process WorkingSet (physical memory assigned to process): 338M, peak: 378M
current process commit charge ("private bytes"): 479M, peak: 503M

vm_info: OpenJDK 64-Bit Server VM (21.0.8+-14196175-b1038.72) for windows-amd64 JRE (21.0.8+-14196175-b1038.72), built on 2025-10-01T10:24:33Z by "builder" with MS VC++ 16.10 / 16.11 (VS2019)

END.
